,1,1,2,2,3,3,4,4,5,5,6,6,7,7,8,8,9,9,10,10,11,11,12,12,13,13,14,14,15,15,16,16,17,17,18,18,19,19,20,20,21,21,22,22,23,23,24,24,25,25,26,26,27,27,28,28,29,29,30,30,31,31,32,32,33,33,34,34,35,35,36,36,37,37,38,38,39,39,40,40,41,41,42,42,43,43,44,44,45,45,46,46,47,47,48,48,49,49,50,50,51,51,52,52,53,53,54,54,55,55,56,56,57,57,58,58,59,59,60,60,61,61,62,62,63,63,64,64,65,65,66,66,67,67,68,68,69,69,70,70,71,71,72,72,73,73,74,74,75,75,76,76,77,77,78,78,79,79,80,80,81,81,82,82,83,83,84,84,85,85,86,86,87,87,88,88,89,89,90,90,91,91,92,92,93,93,94,94,95,95,96,96,97,97,98,98,99,99,100,100,101,101,102,102,103,103,104,104,105,105,106,106,107,107,108,108,109,109,110,110,111,111,112,112,113,113,114,114,115,115,116,116,117,117,118,118,119,119,120,120,121,121,122,122,123,123,124,124,125,125,126,126,127,127,128,128,129,129,130,130,131,131,132,132,133,133,134,134,135,135,136,136,137,137,138,138,139,139,140,140,141,141,142,142,143,143,144,144,145,145,146,146,147,147,148,148,149,149,150,150,Name
,Total_1,Choice_1,Total_2,Choice_2,Total_3,Choice_3,Total_4,Choice_4,Total_5,Choice_5,Total_6,Choice_6,Total_7,Choice_7,Total_8,Choice_8,Total_9,Choice_9,Total_10,Choice_10,Total_11,Choice_11,Total_12,Choice_12,Total_13,Choice_13,Total_14,Choice_14,Total_15,Choice_15,Total_16,Choice_16,Total_17,Choice_17,Total_18,Choice_18,Total_19,Choice_19,Total_20,Choice_20,Total_21,Choice_21,Total_22,Choice_22,Total_23,Choice_23,Total_24,Choice_24,Total_25,Choice_25,Total_26,Choice_26,Total_27,Choice_27,Total_28,Choice_28,Total_29,Choice_29,Total_30,Choice_30,Total_31,Choice_31,Total_32,Choice_32,Total_33,Choice_33,Total_34,Choice_34,Total_35,Choice_35,Total_36,Choice_36,Total_37,Choice_37,Total_38,Choice_38,Total_39,Choice_39,Total_40,Choice_40,Total_41,Choice_41,Total_42,Choice_42,Total_43,Choice_43,Total_44,Choice_44,Total_45,Choice_45,Total_46,Choice_46,Total_47,Choice_47,Total_48,Choice_48,Total_49,Choice_49,Total_50,Choice_50,Total_51,Choice_51,Total_52,Choice_52,Total_53,Choice_53,Total_54,Choice_54,Total_55,Choice_55,Total_56,Choice_56,Total_57,Choice_57,Total_58,Choice_58,Total_59,Choice_59,Total_60,Choice_60,Total_61,Choice_61,Total_62,Choice_62,Total_63,Choice_63,Total_64,Choice_64,Total_65,Choice_65,Total_66,Choice_66,Total_67,Choice_67,Total_68,Choice_68,Total_69,Choice_69,Total_70,Choice_70,Total_71,Choice_71,Total_72,Choice_72,Total_73,Choice_73,Total_74,Choice_74,Total_75,Choice_75,Total_76,Choice_76,Total_77,Choice_77,Total_78,Choice_78,Total_79,Choice_79,Total_80,Choice_80,Total_81,Choice_81,Total_82,Choice_82,Total_83,Choice_83,Total_84,Choice_84,Total_85,Choice_85,Total_86,Choice_86,Total_87,Choice_87,Total_88,Choice_88,Total_89,Choice_89,Total_90,Choice_90,Total_91,Choice_91,Total_92,Choice_92,Total_93,Choice_93,Total_94,Choice_94,Total_95,Choice_95,Total_96,Choice_96,Total_97,Choice_97,Total_98,Choice_98,Total_99,Choice_99,Total_100,Choice_100,Total_101,Choice_101,Total_102,Choice_102,Total_103,Choice_103,Total_104,Choice_104,Total_105,Choice_105,Total_106,Choice_106,Total_107,Choice_107,Total_108,Choice_108,Total_109,Choice_109,Total_110,Choice_110,Total_111,Choice_111,Total_112,Choice_112,Total_113,Choice_113,Total_114,Choice_114,Total_115,Choice_115,Total_116,Choice_116,Total_117,Choice_117,Total_118,Choice_118,Total_119,Choice_119,Total_120,Choice_120,Total_121,Choice_121,Total_122,Choice_122,Total_123,Choice_123,Total_124,Choice_124,Total_125,Choice_125,Total_126,Choice_126,Total_127,Choice_127,Total_128,Choice_128,Total_129,Choice_129,Total_130,Choice_130,Total_131,Choice_131,Total_132,Choice_132,Total_133,Choice_133,Total_134,Choice_134,Total_135,Choice_135,Total_136,Choice_136,Total_137,Choice_137,Total_138,Choice_138,Total_139,Choice_139,Total_140,Choice_140,Total_141,Choice_141,Total_142,Choice_142,Total_143,Choice_143,Total_144,Choice_144,Total_145,Choice_145,Total_146,Choice_146,Total_147,Choice_147,Total_148,Choice_148,Total_149,Choice_149,Total_150,Choice_150,Study
Subj_1,-200,4,100,1,-250,1,100,1,50,3,-100,1,50,4,100,2,50,4,50,4,100,1,100,1,-200,1,50,3,50,4,100,2,100,2,-50,1,100,1,-150,1,-50,1,100,1,-250,1,100,2,100,2,-1150,2,100,2,50,4,0,3,50,4,100,1,50,4,0,3,100,1,50,4,-100,1,100,1,-150,1,50,3,50,3,100,2,50,4,100,2,100,2,100,2,-1150,2,100,1,50,4,0,3,100,2,50,4,-200,1,0,3,100,1,50,4,100,2,50,4,100,1,0,3,-100,1,50,4,100,2,50,4,100,1,50,3,50,3,100,1,-50,1,-200,4,50,4,50,4,100,2,100,2,-200,1,50,3,100,2,50,4,-200,4,-250,1,0,3,50,3,0,3,100,2,-150,1,100,1,-100,1,-250,1,100,2,100,2,-1150,2,100,2,100,2,50,4,50,4,50,4,50,3,0,3,-150,1,50,4,50,4,100,2,100,2,100,2,50,4,100,1,100,1,50,3,100,2,-50,1,50,4,50,4,100,1,0,3,0,3,100,2,50,3,50,4,100,1,0,3,100,2,50,4,-200,1,0,3,100,2,50,4,100,1,50,3,100,2,50,4,100,1,0,3,100,2,50,4,-250,1,50,3,100,2,50,4,100,1,50,3,100,2,50,4,-150,1,50,3,-1150,2,50,4,100,1,0,3,100,2,50,4,-50,1,Steingroever2011
Subj_2,-150,1,-250,1,50,4,50,4,50,4,100,2,50,3,100,2,100,2,100,2,100,2,100,2,100,2,100,2,-1150,2,50,4,-100,1,0,3,50,4,-200,4,100,2,100,2,100,2,100,2,100,2,100,2,100,2,100,2,100,1,100,1,-50,1,100,1,100,1,-200,1,50,4,50,3,-1150,2,100,2,100,2,100,2,100,2,100,2,100,2,50,4,50,4,100,2,50,3,50,4,50,4,100,1,100,1,100,1,50,4,0,3,50,4,50,4,-1150,2,100,2,-50,1,100,2,100,2,100,2,100,2,100,2,100,2,50,4,50,3,100,1,100,1,-150,1,-100,1,50,4,50,3,50,4,0,3,50,4,0,3,100,2,100,2,50,4,-200,4,100,1,-200,1,0,3,50,3,50,3,0,3,50,4,50,4,-250,1,50,4,50,4,-1150,2,100,2,100,2,100,2,100,2,100,2,100,2,50,4,100,1,-150,1,-50,1,-250,1,100,1,100,1,100,1,100,1,-200,1,50,4,50,3,-200,4,-100,1,100,1,100,1,100,1,-50,1,50,3,50,4,50,3,50,4,0,3,50,4,-100,1,-150,1,100,1,-250,1,50,4,0,3,50,4,100,2,100,2,-1150,2,100,2,100,2,100,2,100,2,100,2,100,2,100,2,100,2,100,2,100,2,-1150,2,100,2,-200,4,-200,1,50,4,0,3,100,1,Steingroever2011
Subj_3,100,2,50,4,100,1,50,3,-50,1,-1150,2,50,4,0,3,-250,1,50,4,50,4,50,4,50,4,50,4,50,4,50,4,-200,4,50,4,50,4,50,4,50,4,50,4,50,4,50,4,50,4,50,4,-200,4,-200,4,100,1,-100,1,0,3,100,2,100,2,100,2,100,2,100,2,100,2,100,2,100,2,100,2,100,2,100,2,100,2,-1150,2,50,4,50,4,50,4,50,4,50,4,50,4,50,4,50,4,50,4,50,4,50,4,50,4,50,4,-200,4,100,2,100,2,100,2,100,2,100,2,100,2,100,2,100,2,100,2,100,2,100,2,100,2,100,2,100,2,-1150,2,50,4,50,4,50,4,50,4,50,4,50,4,50,4,50,4,50,4,50,4,50,4,50,4,50,4,50,4,-200,4,100,1,100,1,100,1,-200,1,100,2,100,2,100,2,-1150,2,50,4,50,4,50,4,50,4,-200,4,50,3,50,3,0,3,-150,1,100,1,-50,1,100,2,-150,1,100,1,100,1,-100,1,100,1,100,1,-200,1,50,3,50,3,50,4,50,4,50,4,50,4,50,4,50,4,50,4,50,4,-200,4,50,4,50,4,50,4,50,4,50,4,50,4,50,4,-200,4,50,4,50,4,50,4,50,4,50,4,50,4,50,4,50,4,50,4,50,4,50,4,50,4,50,4,50,4,50,4,50,4,Steingroever2011
Subj_4,50,4,50,4,50,4,50,4,-50,1,50,3,50,3,0,3,-200,4,100,2,100,2,100,2,100,2,100,2,-150,1,50,4,-1150,2,100,1,100,1,100,1,-200,1,100,1,-100,1,-250,1,100,1,100,1,-50,1,0,3,50,4,50,4,100,1,-100,1,50,3,0,3,100,2,50,4,-250,1,50,3,0,3,100,2,100,2,50,4,100,1,-200,1,100,2,100,2,50,4,-200,4,50,4,50,4,50,4,50,4,50,4,50,4,50,4,50,4,50,4,50,4,50,4,50,4,50,4,50,4,50,4,50,4,-200,4,50,4,-200,4,50,4,50,4,50,4,50,4,50,4,50,4,50,4,50,4,50,4,50,4,50,4,-200,4,50,4,50,4,50,4,50,4,50,4,50,4,50,4,50,4,50,4,50,4,50,4,50,4,-200,4,50,4,50,4,50,4,50,4,50,4,50,4,50,4,50,4,50,4,50,4,50,4,50,4,-200,4,50,4,50,4,50,4,50,4,50,4,50,4,50,4,-200,4,50,4,50,4,50,4,50,4,50,4,50,4,50,4,50,4,50,4,-200,4,50,4,50,4,50,4,50,4,50,4,50,4,-200,4,50,4,50,4,50,4,-150,1,50,3,0,3,50,4,50,4,50,4,50,4,50,4,50,4,50,4,50,4,-200,4,50,4,50,4,50,4,50,4,50,4,Steingroever2011
Subj_5,50,4,50,4,50,4,50,4,50,4,50,4,-200,4,50,4,50,4,50,4,50,4,-1150,2,100,1,0,3,-150,1,-250,1,-50,1,100,1,100,1,-100,1,100,1,100,1,50,4,50,4,50,4,50,4,50,4,50,4,50,4,50,4,-200,4,50,4,50,4,50,4,50,4,-200,4,50,4,50,4,50,4,50,4,50,4,50,4,50,4,-200,4,50,4,50,4,50,4,50,4,50,4,50,4,-200,1,50,4,50,4,50,4,50,4,50,4,100,1,50,4,50,4,-200,4,-150,1,50,4,50,4,50,4,50,4,50,4,50,4,50,4,100,1,50,4,50,4,50,4,50,4,50,4,-200,4,50,4,-200,4,50,4,50,4,50,4,50,4,50,4,50,4,50,4,50,4,50,4,50,4,50,4,50,4,-200,4,50,4,50,4,50,4,50,4,50,4,50,4,50,4,50,4,50,4,-200,4,50,4,50,4,50,4,50,4,50,4,50,4,-200,4,50,4,50,4,50,4,50,4,50,4,50,4,50,4,50,4,50,4,50,4,-200,4,50,4,50,4,50,4,50,4,50,4,50,4,50,4,50,4,50,4,50,4,-200,4,50,4,50,4,50,4,50,4,50,4,50,4,50,4,50,4,-200,4,50,4,50,4,50,4,50,4,50,4,50,4,50,4,50,4,50,4,50,4,50,4,-200,4,Steingroever2011
Subj_6,50,4,50,4,100,2,100,2,100,2,100,2,100,1,-50,1,-200,1,100,2,50,3,50,4,-100,1,-150,1,100,1,100,1,-250,1,100,1,100,1,-150,1,-50,1,100,2,-1150,2,0,3,50,4,0,3,100,2,100,2,100,2,100,2,100,1,-250,1,100,2,100,2,-200,4,100,2,100,2,100,2,100,2,100,2,-1150,2,100,1,100,1,-200,1,100,2,100,2,0,3,0,3,100,2,100,2,100,1,100,1,50,4,50,4,100,2,-100,1,-1150,2,50,4,50,4,50,3,50,3,100,2,100,2,100,2,50,3,50,3,50,4,50,4,50,4,100,2,0,3,50,4,100,2,100,1,50,4,100,1,100,2,50,4,50,3,100,2,-50,1,100,2,50,4,0,3,100,2,-200,4,100,1,-150,1,100,2,100,2,0,3,50,4,50,4,100,2,100,2,-250,1,-100,1,100,1,100,2,50,4,50,4,50,4,50,4,50,3,0,3,-1150,2,-200,1,100,1,-50,1,-150,1,100,1,100,1,100,2,50,4,50,4,50,4,50,4,50,4,50,4,-200,4,50,3,50,3,0,3,-1150,2,100,1,100,1,-200,1,-250,1,100,1,-100,1,-150,1,100,1,100,1,100,1,0,3,50,4,50,4,50,4,50,4,100,1,100,1,100,2,100,2,50,3,0,3,-200,4,100,2,-200,1,100,2,-250,1,Steingroever2011
Subj_7,50,4,50,3,100,2,100,1,50,4,0,3,100,2,100,1,-200,4,50,3,50,4,0,3,50,4,100,2,-100,1,-1150,2,50,4,50,3,100,2,50,3,50,4,-50,1,100,2,0,3,0,3,100,2,50,3,100,2,0,3,100,2,0,3,50,4,50,4,50,4,50,4,50,4,50,4,50,4,0,3,50,3,50,3,50,3,0,3,50,3,0,3,0,3,50,3,50,3,0,3,50,3,50,3,100,2,100,2,100,2,100,2,100,2,100,2,100,2,100,2,100,2,-1150,2,100,2,50,3,0,3,50,3,100,2,100,2,100,2,100,2,100,2,100,2,100,2,-1150,2,-250,1,-200,1,100,1,-150,1,100,2,100,2,-1150,2,100,1,0,3,50,4,50,4,50,4,50,4,50,4,-200,4,50,4,50,4,50,4,50,4,0,3,-200,4,50,4,50,4,50,4,50,4,50,4,50,4,50,4,50,4,50,4,50,4,50,4,-200,4,50,4,50,4,50,4,50,4,50,4,50,4,50,4,50,4,-200,4,50,4,50,4,50,4,50,4,50,4,50,4,0,3,50,3,0,3,50,3,0,3,0,3,50,3,50,3,0,3,50,3,0,3,0,3,0,3,100,2,100,2,100,2,100,2,100,2,100,2,100,2,100,2,100,2,100,2,100,2,100,2,100,2,100,2,100,2,-1150,2,Steingroever2011
Subj_8,0,3,0,3,50,3,50,3,50,3,0,3,0,3,0,3,50,3,50,3,0,3,0,3,50,3,0,3,0,3,50,3,50,3,0,3,50,3,50,3,0,3,50,3,0,3,0,3,50,3,0,3,50,3,0,3,50,3,50,3,0,3,0,3,50,3,50,3,0,3,50,3,0,3,50,3,50,3,0,3,0,3,0,3,0,3,50,3,0,3,50,3,0,3,50,3,50,3,50,3,0,3,0,3,50,3,50,3,50,3,50,3,0,3,0,3,0,3,50,3,50,3,50,3,50,3,0,3,50,3,0,3,0,3,0,3,50,3,0,3,0,3,0,3,0,3,0,3,50,3,0,3,50,3,50,3,50,3,50,3,50,3,0,3,0,3,0,3,50,3,0,3,50,3,0,3,50,3,50,3,50,3,50,3,0,3,0,3,0,3,50,3,50,3,50,3,0,3,0,3,50,3,50,3,0,3,50,3,0,3,50,3,0,3,50,3,0,3,0,3,0,3,0,3,50,3,0,3,50,3,50,3,50,3,0,3,0,3,50,3,50,3,0,3,50,3,50,3,50,3,0,3,0,3,50,3,0,3,0,3,0,3,0,3,0,3,50,3,50,3,0,3,50,3,50,3,50,3,0,3,0,3,50,3,0,3,0,3,0,3,50,3,0,3,50,3,50,3,50,3,Steingroever2011
Subj_9,100,2,100,2,100,2,100,2,100,2,100,2,100,2,100,2,0,3,100,2,-1150,2,100,2,100,2,100,2,100,2,100,2,100,2,-1150,2,100,2,100,2,100,2,100,1,-50,1,-200,1,100,2,-150,1,100,2,-1150,2,100,2,100,2,100,2,100,2,50,3,50,3,100,2,100,2,0,3,0,3,50,4,100,2,50,4,100,2,50,3,0,3,50,4,-1150,2,100,2,100,2,100,2,100,2,50,3,100,2,100,2,50,4,50,4,0,3,50,4,100,1,100,2,50,3,-200,4,100,1,100,2,50,3,50,4,-250,1,100,2,0,3,50,4,100,1,100,2,50,3,50,4,-100,1,100,2,0,3,50,4,100,1,100,2,50,3,-200,4,100,1,100,2,0,3,50,4,100,1,-1150,2,0,3,50,4,100,1,100,2,50,3,50,4,100,1,100,2,50,3,50,4,100,1,100,2,0,3,100,2,50,4,50,4,-250,1,100,2,100,2,100,2,50,3,50,4,50,4,-100,1,100,2,50,3,0,3,50,4,100,2,50,3,50,3,50,4,-150,1,-1150,2,-200,1,0,3,100,2,100,2,100,2,100,2,50,4,-200,4,50,4,50,4,0,3,-50,1,100,2,100,2,0,3,50,4,0,3,50,3,50,3,50,3,100,2,50,3,50,4,50,4,-150,1,100,2,50,3,0,3,50,4,Steingroever2011
Subj_10,50,3,0,3,50,3,50,3,50,3,0,3,100,1,100,1,50,4,100,2,100,2,100,1,100,1,-150,1,100,2,-1150,2,-50,1,-100,1,0,3,0,3,50,3,100,1,-250,1,0,3,50,4,50,4,50,4,50,4,50,4,50,4,50,4,50,4,-200,4,50,3,0,3,50,3,0,3,0,3,0,3,50,3,50,3,50,3,0,3,0,3,50,3,50,3,50,3,0,3,0,3,50,3,0,3,0,3,50,3,0,3,50,3,50,3,50,3,0,3,50,3,0,3,50,3,0,3,0,3,50,3,0,3,0,3,0,3,50,3,0,3,50,3,0,3,50,3,50,3,0,3,50,3,50,3,0,3,0,3,0,3,0,3,50,3,50,3,50,3,50,3,0,3,50,3,0,3,50,3,0,3,0,3,0,3,50,3,50,3,0,3,50,3,50,3,50,3,0,3,50,3,0,3,0,3,0,3,50,3,50,3,0,3,50,3,50,3,0,3,0,3,50,3,50,3,0,3,0,3,0,3,0,3,0,3,0,3,50,3,50,3,0,3,50,3,50,3,50,3,50,3,0,3,0,3,0,3,50,3,0,3,50,3,0,3,50,3,50,3,50,3,0,3,0,3,0,3,50,3,0,3,50,3,50,3,50,3,0,3,0,3,0,3,50,3,0,3,50,3,50,3,50,3,Steingroever2011
Subj_11,100,1,100,1,100,1,-50,1,50,4,-250,1,0,3,-100,1,-200,1,100,1,-150,1,100,1,100,1,100,1,-50,1,100,1,-150,1,-100,1,100,1,100,1,-200,1,-250,1,100,1,100,1,-100,1,-200,1,-150,1,-50,1,100,1,-250,1,100,1,50,4,50,4,50,4,50,4,50,4,50,4,50,4,50,4,-200,4,50,4,50,4,50,4,50,4,50,4,-200,4,50,4,50,4,50,4,50,4,-200,4,50,4,50,4,50,4,50,4,50,4,50,4,50,4,50,4,50,4,50,4,-200,4,50,4,50,4,50,4,50,4,50,4,50,4,50,4,50,4,50,4,50,4,50,4,50,4,100,2,100,2,100,2,100,2,100,2,-1150,2,50,4,50,4,50,4,-200,4,50,4,50,4,50,4,-200,4,50,4,50,4,50,4,50,4,50,4,50,4,50,4,50,4,50,4,50,4,50,4,-200,4,50,4,50,4,50,4,50,4,50,4,50,4,-200,4,50,4,50,4,50,4,50,4,50,4,50,4,50,4,50,4,50,4,-200,4,50,4,50,4,50,4,50,4,50,4,50,4,50,4,50,4,50,4,50,4,50,4,50,4,50,4,50,4,50,4,50,4,-200,4,50,4,50,4,50,4,50,4,50,4,50,4,50,4,50,4,50,4,50,4,-200,4,50,4,50,4,50,4,50,4,50,4,Steingroever2011
Subj_12,50,4,50,3,-1150,2,100,1,100,1,0,3,-200,4,-50,1,50,4,50,4,50,4,50,4,50,4,50,4,0,3,50,3,0,3,0,3,0,3,50,3,50,3,50,3,0,3,100,2,100,2,100,2,100,2,100,2,-200,1,100,2,100,2,100,2,100,2,100,2,100,2,50,4,50,3,50,4,0,3,100,1,-250,1,-1150,2,50,4,50,3,100,2,-150,1,100,2,100,2,100,2,100,2,100,2,100,2,100,2,100,2,100,2,100,2,100,2,-1150,2,100,2,100,2,100,2,100,2,100,2,100,2,100,2,100,2,100,2,100,2,100,2,-1150,2,50,4,50,3,100,2,100,1,100,2,100,2,100,2,100,2,100,2,100,2,100,2,100,2,100,2,100,2,50,3,0,3,-1150,2,50,4,-200,4,50,4,50,4,100,2,100,2,100,2,100,2,100,2,100,2,-1150,2,100,1,-100,1,-50,1,100,1,100,2,100,2,100,2,100,2,100,2,-1150,2,0,3,50,3,0,3,50,3,50,3,50,4,50,4,100,2,100,2,100,2,100,2,100,2,100,2,0,3,0,3,50,3,0,3,0,3,50,3,100,2,100,1,100,1,-1150,2,50,3,0,3,0,3,50,3,50,3,100,2,100,2,100,2,100,2,100,2,0,3,0,3,50,3,50,3,0,3,50,3,0,3,0,3,100,2,Steingroever2011
Subj_13,100,2,0,3,-50,1,-250,1,-200,4,100,2,-1150,2,100,2,0,3,100,2,100,1,100,2,50,4,100,2,50,3,-200,1,100,2,0,3,50,4,100,2,100,1,50,3,50,4,100,1,100,2,50,3,50,4,100,1,-1150,2,0,3,50,4,100,2,100,1,100,2,-150,1,100,2,0,3,100,2,100,2,100,2,100,2,-100,1,100,1,100,1,-150,1,100,2,100,2,100,2,100,2,100,2,100,2,100,2,100,2,100,2,-1150,2,100,2,100,2,50,4,50,4,50,4,50,4,50,4,50,4,50,4,50,4,50,4,-200,4,50,4,50,4,50,4,50,4,50,4,50,4,50,4,50,4,50,4,-200,4,50,4,50,4,50,4,50,4,50,4,50,4,50,4,50,4,50,4,50,4,-200,4,50,4,50,4,50,4,50,4,50,4,50,4,50,4,50,4,50,4,50,4,50,4,-200,4,50,4,50,4,50,4,50,4,50,4,50,4,50,4,-200,4,50,4,50,4,50,4,50,4,-200,4,50,4,50,4,50,4,50,4,50,4,50,4,50,4,50,4,50,4,50,4,-200,4,50,4,50,4,50,4,50,4,50,4,50,4,50,4,50,4,50,4,-200,4,50,4,50,4,50,4,50,4,50,4,50,4,50,4,-200,4,50,4,50,4,50,4,50,4,50,4,50,4,50,4,50,4,Steingroever2011
Subj_14,50,4,0,3,50,4,100,2,-200,1,100,2,100,2,100,2,100,2,100,2,100,2,100,2,-1150,2,50,3,100,1,-100,1,0,3,100,2,100,1,100,2,-50,1,100,2,100,2,-1150,2,100,1,100,1,100,2,100,1,-250,1,100,2,100,2,50,3,50,4,50,3,0,3,0,3,100,2,100,2,100,2,100,2,-150,1,100,2,100,2,100,2,100,2,100,2,-1150,2,100,1,-200,1,100,2,100,2,100,2,100,2,100,2,-50,1,100,2,100,2,100,2,100,2,100,2,100,2,100,2,-1150,2,-150,1,50,3,100,2,100,2,100,2,100,2,100,2,100,2,100,2,100,2,50,3,100,2,50,4,-1150,2,50,4,-1150,2,0,3,50,3,100,2,100,2,100,2,100,2,100,2,100,2,100,1,100,2,0,3,100,2,100,2,100,2,100,2,100,2,100,2,100,2,-250,1,100,2,50,3,0,3,100,2,-1150,2,50,3,100,2,100,2,100,2,100,2,-1150,2,100,1,100,2,100,2,100,2,100,2,100,2,100,2,100,2,100,2,100,2,-100,1,100,2,50,3,0,3,-200,4,-1150,2,100,2,100,2,100,2,100,2,100,2,100,2,100,2,100,2,100,2,0,3,50,3,0,3,0,3,50,3,100,2,100,2,100,2,100,1,50,3,-1150,2,100,2,100,2,100,2,100,2,100,2,Steingroever2011
Subj_15,100,2,50,4,-100,1,0,3,-1150,2,100,2,100,2,100,2,100,2,100,2,100,2,100,2,100,2,100,2,100,2,100,2,100,2,100,2,100,2,100,2,-1150,2,50,4,-200,4,100,1,100,1,-200,1,100,2,100,2,50,3,50,4,100,1,100,2,100,2,100,2,50,4,100,1,50,3,-50,1,50,4,50,3,100,2,100,2,100,2,50,4,-250,1,0,3,50,4,100,2,50,4,-1150,2,100,2,50,4,100,1,0,3,-150,1,50,4,100,2,100,2,-1150,2,50,4,100,2,50,4,100,2,100,2,100,2,100,2,100,2,100,2,50,4,100,1,50,3,-150,1,50,4,50,3,0,3,50,4,50,4,50,4,100,1,0,3,-250,1,50,4,-200,4,100,1,0,3,100,2,100,2,-1150,2,50,4,-50,1,50,3,50,3,0,3,50,4,100,2,100,2,100,2,100,2,100,2,-200,1,50,4,50,3,50,4,50,3,50,3,-200,4,-100,1,0,3,100,2,100,2,100,2,100,2,100,2,50,4,100,1,50,4,100,1,0,3,100,2,50,4,50,4,0,3,-100,1,50,4,100,2,100,2,100,2,100,2,100,2,-1150,2,50,4,100,1,50,3,100,1,0,3,50,4,50,4,-200,4,50,3,100,1,50,3,100,1,50,4,-50,1,50,3,0,3,50,4,100,2,100,2,100,2,Steingroever2011
Subj_16,50,4,50,4,50,4,50,4,50,4,50,4,50,4,50,4,-200,4,100,2,100,2,-50,1,0,3,100,2,50,4,100,2,100,2,100,2,100,2,100,2,-1150,2,100,2,100,2,100,2,50,4,100,2,100,2,100,2,-1150,2,100,2,100,2,100,2,100,2,-100,1,0,3,50,3,50,3,0,3,50,3,50,3,50,3,0,3,100,2,0,3,50,3,50,3,50,3,0,3,0,3,50,3,0,3,0,3,50,3,-250,1,-150,1,100,1,50,4,-1150,2,100,2,100,2,100,2,100,2,100,2,0,3,50,3,0,3,50,3,0,3,50,3,0,3,50,3,50,3,0,3,0,3,50,3,0,3,100,2,50,3,0,3,0,3,50,3,0,3,0,3,50,3,50,3,50,3,50,3,50,3,50,3,0,3,0,3,0,3,50,3,0,3,0,3,0,3,0,3,50,3,50,3,50,3,0,3,50,3,50,3,0,3,0,3,50,3,0,3,0,3,0,3,50,3,50,3,50,3,0,3,50,3,0,3,50,3,0,3,0,3,0,3,50,3,50,3,0,3,50,3,0,3,50,3,50,3,0,3,0,3,50,3,50,3,0,3,0,3,50,3,0,3,50,3,50,3,0,3,0,3,0,3,0,3,0,3,50,3,50,3,50,3,50,3,0,3,0,3,0,3,50,3,0,3,Steingroever2011
Subj_17,-150,1,100,2,0,3,100,2,100,1,100,1,-200,1,0,3,50,4,50,4,100,2,100,2,0,3,50,3,0,3,100,2,100,2,100,2,100,2,100,2,-1150,2,100,1,100,1,-50,1,50,4,50,4,50,3,100,2,100,2,50,3,50,3,-200,4,50,4,50,4,-250,1,100,1,-100,1,100,2,-1150,2,100,2,100,2,100,2,100,2,100,2,100,2,100,2,100,2,-1150,2,100,2,100,2,100,2,100,2,100,2,100,2,100,2,100,2,100,2,100,2,50,3,0,3,50,3,0,3,50,3,50,4,50,4,50,4,50,4,50,4,50,4,50,4,50,4,50,4,100,1,100,1,-200,1,-250,1,100,1,-150,1,100,2,100,2,100,2,100,2,100,2,100,2,-1150,2,100,2,100,2,100,2,100,2,100,2,100,2,-1150,2,50,3,0,3,0,3,100,2,100,2,100,2,-50,1,100,1,50,4,50,4,50,4,-200,4,50,3,0,3,100,2,-1150,2,100,2,100,2,100,2,100,2,0,3,100,2,100,2,100,2,100,2,100,2,100,2,100,1,-100,1,-250,1,100,1,-100,1,50,3,0,3,50,3,50,4,0,3,50,4,50,3,100,2,-50,1,50,4,0,3,100,2,50,4,0,3,50,4,50,3,50,4,100,1,0,3,50,4,50,3,100,1,50,3,50,4,-150,1,50,3,Steingroever2011
Subj_18,50,3,100,2,-150,1,0,3,50,4,50,4,50,4,-200,4,-1150,2,50,3,50,3,100,1,100,1,100,2,100,2,50,4,50,4,50,3,0,3,100,2,100,2,100,1,100,1,50,4,50,4,0,3,50,3,100,2,100,2,-100,1,100,1,50,4,50,4,0,3,0,3,100,2,100,2,-250,1,100,2,50,4,100,2,50,4,0,3,100,2,50,4,100,2,50,4,100,2,50,4,100,2,50,4,-1150,2,-50,1,50,3,50,4,50,3,-200,4,100,2,100,2,-200,1,0,3,100,2,100,2,50,4,50,4,100,2,100,2,100,1,-50,1,50,4,50,4,100,2,100,2,0,3,-1150,2,50,4,50,4,-100,1,100,2,100,2,100,2,50,4,-200,4,100,2,50,4,100,2,0,3,50,4,-1150,2,100,1,100,1,50,4,100,2,100,2,50,4,50,3,50,4,100,2,100,1,100,2,0,3,50,4,50,4,100,2,100,2,100,1,-150,1,50,3,50,3,100,2,100,2,50,4,-200,4,-1150,2,50,3,0,3,-200,1,100,2,100,2,50,4,50,4,100,2,100,2,50,3,50,3,50,4,100,2,100,2,50,4,50,4,100,2,100,2,50,4,50,4,100,2,100,2,50,4,50,4,100,2,100,2,50,4,50,4,100,2,100,2,50,4,50,4,100,2,100,2,-200,4,50,3,Steingroever2011
Subj_19,50,3,0,3,50,3,50,3,50,3,50,3,0,3,0,3,0,3,0,3,50,3,50,3,50,3,50,3,0,3,0,3,50,3,0,3,0,3,0,3,50,3,-250,1,50,4,100,2,100,2,100,2,100,2,100,2,100,2,100,2,-1150,2,100,2,100,2,-1150,2,100,2,50,4,100,2,100,2,0,3,-200,4,-200,1,50,4,100,2,100,2,50,3,100,1,50,4,100,1,50,3,100,2,50,4,0,3,0,3,100,1,0,3,50,4,100,2,50,4,0,3,-50,1,50,3,50,4,100,2,50,3,50,4,100,1,100,2,0,3,-200,4,-150,1,50,3,50,4,100,2,50,3,-1150,2,100,2,100,2,100,2,50,4,100,2,100,1,0,3,50,4,-100,1,100,2,100,2,50,4,-150,1,50,3,0,3,0,3,50,4,-250,1,100,2,50,3,50,4,100,1,100,2,0,3,50,3,50,4,100,1,100,2,50,3,50,4,100,1,100,2,0,3,0,3,0,3,0,3,0,3,50,3,50,4,100,1,-1150,2,50,4,100,1,50,4,-200,4,-100,1,50,3,50,4,100,2,-50,1,100,2,100,2,50,4,50,3,-200,1,50,4,100,2,50,4,50,3,50,4,0,3,50,3,50,3,0,3,50,3,0,3,0,3,50,3,0,3,50,3,50,3,0,3,50,3,50,3,50,3,Steingroever2011
Subj_20,100,2,100,2,100,2,-1150,2,100,2,100,2,100,2,100,2,100,2,100,2,100,2,-1150,2,100,2,100,2,100,2,100,2,100,2,100,1,-150,1,-250,1,0,3,50,4,50,4,50,4,50,4,-200,4,50,4,50,4,50,4,50,4,50,3,0,3,50,3,0,3,0,3,0,3,50,3,50,3,50,3,0,3,100,1,-100,1,-50,1,100,1,100,1,-200,1,100,1,-250,1,100,1,-150,1,100,1,-50,1,100,1,100,2,100,2,100,2,100,2,100,2,50,3,50,3,50,3,50,3,0,3,0,3,0,3,50,3,0,3,0,3,50,3,50,3,0,3,0,3,0,3,50,3,0,3,50,3,50,3,0,3,50,3,50,3,50,3,0,3,0,3,0,3,0,3,50,3,50,3,100,2,100,2,100,2,-1150,2,100,2,100,2,100,2,100,2,0,3,0,3,0,3,0,3,50,3,50,3,50,3,50,3,0,3,50,3,50,3,0,3,0,3,50,3,50,3,0,3,50,3,0,3,50,3,100,2,100,2,100,2,100,2,0,3,50,3,0,3,50,3,50,3,0,3,100,1,-100,1,-200,1,100,1,-150,1,50,4,50,4,50,4,50,4,50,4,50,4,50,4,50,4,-200,4,0,3,0,3,50,3,0,3,50,3,50,3,50,3,0,3,50,3,100,2,100,2,100,2,Steingroever2011
Subj_21,100,2,100,2,-1150,2,100,2,100,2,100,2,100,2,100,2,100,2,100,2,-1150,2,50,4,50,4,50,4,50,4,50,4,100,1,100,1,-200,1,-100,1,0,3,100,2,100,2,-50,1,50,4,50,3,0,3,0,3,50,3,0,3,50,3,0,3,50,3,50,3,50,3,50,3,0,3,50,4,50,4,50,4,-200,4,50,3,0,3,0,3,0,3,0,3,50,3,50,3,0,3,50,3,0,3,50,3,0,3,0,3,50,3,50,3,50,3,0,3,50,3,0,3,0,3,0,3,50,3,50,3,50,3,0,3,50,3,0,3,50,3,0,3,50,3,50,3,0,3,0,3,50,3,0,3,50,3,0,3,0,3,50,3,50,3,0,3,50,3,50,3,0,3,0,3,0,3,50,3,0,3,50,3,50,3,0,3,50,3,0,3,0,3,50,3,50,3,0,3,0,3,50,3,50,3,0,3,0,3,50,3,50,3,50,3,0,3,0,3,50,3,0,3,50,3,0,3,0,3,0,3,0,3,50,3,50,3,50,3,0,3,50,3,0,3,50,3,50,3,0,3,0,3,0,3,50,3,50,3,0,3,50,3,50,3,0,3,50,3,50,3,0,3,0,3,50,3,0,3,0,3,50,3,0,3,0,3,0,3,100,2,100,2,100,2,50,3,50,3,100,2,100,2,Steingroever2011
Subj_22,50,4,50,4,0,3,100,1,-1150,2,50,4,-200,4,100,2,100,1,50,3,50,4,100,1,50,4,-200,1,50,3,0,3,50,4,100,2,100,2,50,4,100,2,-250,1,50,4,0,3,50,4,100,2,100,2,100,2,100,2,100,2,50,4,50,4,100,2,100,2,100,2,100,2,-1150,2,50,4,-150,1,50,4,50,4,-50,1,50,3,50,3,50,3,50,4,100,2,100,2,50,4,100,1,100,1,0,3,50,4,100,2,100,2,100,2,50,4,-100,1,0,3,100,1,-100,1,-200,4,-1150,2,100,2,-200,4,100,2,100,2,100,2,-250,1,50,4,50,4,100,2,0,3,100,2,100,2,50,4,100,1,100,2,50,4,100,1,100,1,50,4,100,2,100,2,50,4,-50,1,50,3,100,1,50,4,100,2,0,3,-150,1,50,4,100,2,100,2,50,4,-200,1,50,3,0,3,-250,1,50,4,-1150,2,50,4,100,2,100,2,100,2,100,2,50,4,100,1,50,3,100,1,50,4,100,2,50,4,-150,1,50,4,-1150,2,50,4,50,3,0,3,-200,1,50,4,50,4,-200,4,100,2,100,2,100,2,100,2,100,2,100,2,50,4,100,1,50,4,100,2,50,3,0,3,50,3,0,3,100,1,-200,4,0,3,50,3,50,3,50,3,0,3,50,3,0,3,0,3,0,3,0,3,Steingroever2011
Subj_23,0,3,-100,1,50,4,-200,4,100,2,0,3,100,2,100,2,100,2,-1150,2,100,1,-250,1,50,4,100,2,100,1,100,2,50,4,100,1,100,2,100,2,100,1,-200,1,100,2,100,2,100,1,100,2,-50,1,100,2,100,2,-150,1,100,2,-1150,2,-250,1,100,2,100,2,50,4,50,4,100,2,100,2,50,4,50,4,-200,1,100,2,100,2,100,2,50,4,100,2,50,4,100,2,50,4,-200,4,100,2,-1150,2,50,4,100,2,50,4,100,2,50,4,100,2,50,4,100,2,50,4,100,2,50,4,100,2,50,4,100,2,50,4,100,2,50,4,100,2,-200,4,100,2,50,4,100,2,50,4,100,2,50,4,-1150,2,50,4,100,2,100,2,100,2,100,2,50,4,100,2,100,2,-50,1,100,2,-1150,2,50,4,100,2,100,2,-1150,2,100,2,100,2,100,2,100,2,100,2,100,2,100,2,100,2,50,4,100,2,50,4,50,4,100,2,100,2,-1150,2,50,4,100,2,100,2,100,2,100,2,100,2,100,2,50,4,50,4,100,2,50,4,100,2,100,2,50,4,50,4,50,4,100,2,-200,4,100,2,-1150,2,100,2,100,2,100,2,100,2,100,2,50,4,50,4,100,2,100,2,50,4,50,4,100,2,-1150,2,100,2,100,2,100,2,100,2,100,2,100,2,100,2,100,2,Steingroever2011
Subj_24,-100,1,50,4,50,3,100,2,-1150,2,50,4,100,1,100,1,0,3,50,4,100,2,100,1,-150,1,100,2,100,2,100,2,100,2,100,2,100,2,100,2,100,2,100,2,100,2,100,2,100,2,100,2,-1150,2,100,2,100,2,100,2,100,2,50,4,100,1,0,3,100,2,100,2,100,2,100,2,100,2,100,2,-1150,2,100,2,100,2,100,2,100,2,100,2,-1150,2,-200,1,50,4,50,4,50,4,100,2,50,3,50,4,-250,1,50,3,100,2,100,2,100,2,-50,1,50,4,100,2,100,2,100,2,100,1,100,1,100,1,100,2,100,2,-1150,2,-250,1,100,2,100,2,100,2,-50,1,100,1,-200,1,-200,4,0,3,50,3,0,3,50,3,0,3,50,3,0,3,0,3,50,3,0,3,50,3,0,3,50,3,50,3,0,3,50,3,50,3,50,3,0,3,0,3,0,3,50,3,50,3,0,3,0,3,50,3,100,2,0,3,0,3,100,2,100,2,0,3,-200,4,50,3,0,3,100,2,-1150,2,100,2,100,2,50,3,50,3,50,3,0,3,50,3,0,3,50,3,50,3,50,3,50,3,0,3,0,3,0,3,0,3,100,2,0,3,0,3,100,2,50,3,50,3,0,3,50,3,0,3,50,3,0,3,50,3,0,3,50,3,50,3,50,3,0,3,0,3,50,3,Steingroever2011
Subj_25,-50,1,100,2,50,4,0,3,50,4,50,4,50,4,50,4,50,4,50,4,100,2,100,2,100,2,-1150,2,100,1,-100,1,50,4,50,3,100,2,100,1,100,2,-200,4,100,2,50,3,100,1,50,4,0,3,100,1,100,2,50,4,50,3,-150,1,100,2,0,3,50,4,100,1,50,4,0,3,-200,1,100,2,50,4,100,2,-250,1,100,2,50,3,100,2,50,4,50,3,100,2,50,4,0,3,100,1,50,4,100,2,50,3,100,1,50,4,-1150,2,-100,1,0,3,-200,4,100,2,50,3,50,4,100,2,50,4,-50,1,50,4,0,3,50,4,100,2,50,4,0,3,100,2,50,4,100,1,50,4,0,3,50,3,100,2,50,4,50,3,-150,1,0,3,50,4,100,2,50,4,100,2,50,3,-250,1,-200,4,100,2,50,3,50,3,-1150,2,50,4,-200,1,0,3,50,4,100,2,50,4,100,1,100,2,0,3,50,3,50,4,100,2,50,4,50,3,50,4,0,3,0,3,50,3,0,3,0,3,50,4,100,2,100,1,100,2,50,4,0,3,50,3,-200,4,100,2,0,3,0,3,50,3,50,3,100,2,50,4,50,3,50,4,100,2,100,1,50,3,100,1,50,4,0,3,50,3,100,2,100,1,50,4,100,2,-200,1,100,2,-250,1,-1150,2,-200,4,0,3,50,3,Steingroever2011
Subj_26,100,1,100,2,0,3,50,4,100,2,100,2,100,2,100,2,100,2,100,1,100,2,100,2,100,2,-150,1,-1150,2,50,3,50,3,50,3,0,3,50,4,50,4,50,4,-200,4,-1150,2,100,1,-250,1,50,3,50,3,0,3,100,2,100,2,100,2,100,2,100,2,100,2,100,2,100,2,100,2,100,2,100,2,100,2,100,2,-1150,2,0,3,50,4,50,4,50,4,50,4,50,4,100,1,-50,1,50,4,50,4,-200,4,0,3,100,2,100,2,100,2,100,2,100,2,100,2,100,2,100,2,100,2,-1150,2,100,1,-200,1,100,2,100,2,50,3,50,4,50,3,50,4,100,2,-100,1,0,3,50,4,100,2,100,2,100,2,50,3,50,4,100,2,0,3,50,4,100,2,100,1,100,2,-100,1,100,2,100,2,-1150,2,0,3,50,4,100,2,50,4,100,2,50,4,100,2,50,4,100,2,50,4,100,2,50,4,-150,1,100,2,-200,4,50,3,-1150,2,0,3,100,1,100,1,50,4,100,1,-250,1,50,4,100,2,100,2,100,2,100,2,-200,1,50,4,100,2,100,2,100,2,100,2,100,2,-1150,2,100,1,-50,1,50,4,100,2,50,4,100,2,100,2,100,2,100,2,100,2,50,4,100,2,100,2,100,2,50,4,-200,4,100,2,100,2,100,2,100,2,100,2,-1150,2,Steingroever2011
Subj_27,100,2,-200,4,-100,1,50,3,50,3,100,2,100,2,100,2,100,2,-1150,2,100,2,100,2,100,2,100,2,100,2,-1150,2,100,2,100,2,100,2,100,2,100,2,0,3,0,3,100,2,100,2,50,4,100,2,-1150,2,-250,1,100,2,100,2,100,2,0,3,100,2,50,3,0,3,50,3,0,3,50,3,50,3,0,3,0,3,50,3,50,3,50,3,50,3,0,3,0,3,0,3,50,3,50,3,50,3,50,3,0,3,0,3,0,3,0,3,50,3,0,3,50,3,0,3,50,3,0,3,0,3,0,3,50,3,0,3,50,3,50,3,0,3,50,3,0,3,50,3,50,3,50,3,0,3,0,3,0,3,50,3,0,3,0,3,0,3,50,3,50,3,0,3,0,3,50,3,50,3,50,3,50,3,0,3,50,3,0,3,50,3,0,3,50,3,50,3,0,3,0,3,50,3,0,3,0,3,50,3,0,3,0,3,50,3,50,3,0,3,50,3,0,3,50,3,0,3,50,3,0,3,50,3,0,3,0,3,50,3,50,3,50,3,0,3,50,3,0,3,50,3,0,3,50,3,50,3,0,3,0,3,50,3,0,3,0,3,50,3,50,3,50,3,0,3,0,3,50,3,0,3,50,3,50,3,0,3,50,3,0,3,0,3,50,3,0,3,0,3,50,3,50,3,Steingroever2011
Subj_28,100,2,50,4,-100,1,50,4,100,2,50,4,100,2,50,4,0,3,100,2,50,4,100,2,50,4,100,2,-200,4,100,1,50,3,100,2,50,4,-1150,2,50,4,100,1,-150,1,100,1,50,4,100,2,100,2,100,2,-1150,2,100,2,100,2,100,2,50,4,100,1,0,3,100,1,-50,1,100,2,100,2,100,2,100,2,100,2,100,2,100,2,100,2,-1150,2,100,2,100,2,100,2,100,2,100,2,0,3,100,2,100,2,100,2,100,2,100,2,100,2,-1150,2,100,2,100,2,100,2,100,2,100,2,100,2,50,4,-200,4,50,4,50,4,-200,1,50,4,50,4,100,2,100,2,100,2,100,2,100,2,50,4,50,4,50,4,50,4,50,4,-200,4,100,2,100,2,-1150,2,50,4,50,4,-250,1,0,3,50,4,50,4,100,2,-1150,2,100,2,100,2,100,2,100,2,50,4,50,4,50,4,50,4,100,2,100,2,100,2,-150,1,100,2,100,2,100,2,100,2,100,2,100,2,100,2,100,2,-200,4,-1150,2,100,2,100,2,-1150,2,50,4,100,1,-100,1,50,4,100,2,100,2,100,2,100,2,100,2,100,2,100,2,100,2,50,4,50,4,0,3,50,4,50,4,100,2,100,2,100,2,50,4,100,2,-1150,2,50,4,50,4,50,4,50,4,-200,4,100,1,100,1,-200,1,Steingroever2011
Subj_29,0,3,-150,1,100,2,50,4,50,3,-250,1,50,4,100,2,100,2,-1150,2,50,4,100,2,100,2,100,2,100,2,100,2,100,2,100,2,100,2,100,2,100,2,100,2,100,2,100,2,-1150,2,100,2,100,2,-1150,2,100,2,100,2,100,2,100,2,100,2,100,2,100,2,100,2,100,2,100,2,100,2,100,2,100,2,100,2,100,2,100,2,100,2,100,2,-1150,2,100,2,-1150,2,100,2,100,2,100,2,100,2,100,2,100,2,100,2,100,2,100,2,100,2,-1150,2,100,2,100,2,100,2,100,2,100,2,100,2,100,2,100,2,100,2,100,2,100,2,100,2,100,2,100,2,-1150,2,100,2,100,2,-1150,2,100,2,100,2,100,2,100,2,100,2,100,2,100,2,100,2,100,2,100,2,100,2,100,2,100,2,100,2,100,2,100,2,100,2,100,2,-1150,2,100,2,100,2,100,2,100,2,-1150,2,100,2,100,2,100,2,100,2,100,2,100,2,100,2,100,2,100,2,100,2,100,2,100,2,-1150,2,100,2,100,2,100,2,100,2,100,2,100,2,100,2,100,2,-1150,2,100,2,100,2,100,2,100,2,100,2,-1150,2,100,2,100,2,100,2,100,2,100,2,100,2,100,2,100,2,100,2,100,2,100,2,100,2,100,2,-1150,2,100,2,100,2,100,2,100,2,100,2,100,2,Steingroever2011
Subj_30,50,4,50,4,50,3,100,2,-150,1,100,2,0,3,50,4,100,2,100,1,100,2,-50,1,100,2,100,2,100,2,100,2,-1150,2,50,3,100,2,100,2,100,2,100,2,100,1,100,2,100,2,100,2,50,4,-1150,2,0,3,50,3,0,3,-200,4,100,1,100,2,100,2,100,2,100,2,-200,1,100,2,100,2,100,2,-1150,2,100,2,100,2,100,2,-100,1,100,2,100,2,50,3,50,4,0,3,50,4,100,2,100,2,100,2,100,1,50,4,50,4,0,3,50,4,50,4,50,4,50,4,50,3,-250,1,100,2,100,2,50,4,50,4,100,2,50,4,50,4,-200,4,50,4,50,4,50,4,50,4,50,4,50,4,50,4,50,4,50,4,50,4,50,4,-200,4,50,4,50,4,100,2,50,3,100,2,50,4,50,4,50,4,50,4,50,4,50,4,50,4,-200,4,50,4,0,3,50,4,50,4,-200,4,50,4,100,2,100,1,0,3,-200,1,-1150,2,50,4,50,4,100,2,100,2,100,2,100,2,-1150,2,100,2,100,2,50,4,100,2,100,1,0,3,50,4,50,4,50,4,50,4,50,3,100,2,50,4,50,4,100,1,50,4,50,4,50,3,50,4,100,2,50,4,-200,4,50,4,50,4,50,4,50,4,50,4,50,4,50,4,-200,4,50,4,50,4,50,4,50,4,Steingroever2011
Subj_31,0,3,100,1,100,1,-200,1,-200,4,100,2,100,2,100,2,100,2,100,2,100,2,100,2,100,2,100,2,-1150,2,50,3,0,3,-100,1,50,4,0,3,50,4,50,4,-250,1,100,2,100,2,100,2,100,2,100,2,50,4,100,2,100,1,100,1,-50,1,50,4,50,3,50,4,50,4,50,4,100,2,-1150,2,100,2,100,2,100,2,100,2,-1150,2,100,2,100,2,100,2,100,2,100,1,100,2,100,2,100,2,100,2,-150,1,100,2,100,2,100,2,-1150,2,50,4,-250,1,50,4,50,4,50,4,50,4,50,4,50,4,50,4,-200,4,50,4,100,2,100,2,100,2,100,2,100,2,100,2,100,2,-150,1,50,3,100,2,100,2,100,2,100,2,50,4,-100,1,0,3,50,4,100,1,-1150,2,100,2,100,2,100,2,100,2,100,2,100,2,100,2,100,2,50,4,-50,1,50,4,50,4,50,4,-1150,2,100,2,100,2,100,2,100,2,100,2,100,2,-1150,2,100,2,100,2,100,2,100,2,100,1,100,1,100,1,-200,1,100,1,-200,1,100,1,100,1,-100,1,-150,1,100,1,100,1,-250,1,-50,1,100,1,100,1,100,2,100,2,100,2,100,2,50,4,50,4,50,4,-200,4,50,4,100,2,100,2,100,2,-1150,2,100,2,100,2,50,4,-250,1,100,1,50,4,-100,1,Steingroever2011
Subj_32,100,2,50,4,-150,1,0,3,100,2,100,2,-1150,2,100,2,100,2,100,2,100,2,100,2,100,2,100,2,-1150,2,50,4,100,1,100,2,100,1,0,3,50,4,100,2,100,1,100,2,-200,1,100,2,100,2,100,2,100,2,100,2,100,2,100,2,100,2,100,2,100,2,-1150,2,100,2,100,2,100,2,100,2,100,2,100,2,100,2,-1150,2,100,2,100,2,100,2,100,2,100,2,100,2,100,2,100,2,100,2,100,2,100,2,100,2,100,2,100,2,100,2,-1150,2,-1150,2,100,2,100,2,100,2,100,2,100,2,100,2,100,2,100,2,100,2,100,2,100,2,50,4,50,4,50,4,50,4,50,4,-200,4,100,2,100,2,100,1,0,3,100,2,50,4,-100,1,-1150,2,50,4,100,1,50,4,100,2,50,4,-250,1,0,3,-50,1,50,4,100,2,100,2,50,4,50,4,-200,1,-100,1,-250,1,100,1,100,1,-50,1,-150,1,50,4,-200,4,50,4,50,4,50,4,50,4,100,2,100,2,100,2,-1150,2,50,4,50,4,100,2,100,2,100,2,100,2,100,2,50,3,50,3,50,3,0,3,50,3,50,3,50,3,50,3,0,3,0,3,50,3,0,3,0,3,50,3,0,3,50,3,50,3,50,3,50,3,0,3,50,3,0,3,50,3,0,3,0,3,0,3,0,3,Steingroever2011
Subj_33,0,3,100,2,50,3,50,4,100,1,-150,1,100,2,50,3,0,3,50,4,0,3,50,4,-1150,2,100,1,-100,1,50,4,100,1,100,2,-200,4,50,3,100,2,100,1,50,4,50,4,-200,1,50,3,100,2,0,3,50,4,100,1,0,3,-50,1,100,2,50,4,100,2,-250,1,50,3,100,2,0,3,100,2,100,2,100,2,100,2,100,2,100,2,100,2,-1150,2,50,4,50,4,50,3,-100,1,100,1,-150,1,100,2,100,2,100,2,50,4,50,4,50,4,50,3,50,3,0,3,100,2,100,2,100,2,100,1,100,1,100,1,50,4,50,4,50,4,0,3,50,3,0,3,100,2,100,2,100,2,-250,1,100,1,-50,1,-200,4,50,4,50,4,50,3,0,3,0,3,-1150,2,100,2,100,2,-200,1,100,1,-50,1,50,4,50,4,50,4,100,2,50,3,100,1,50,4,100,2,50,3,-200,1,50,4,50,3,100,2,100,1,-200,4,50,3,-1150,2,-100,1,50,4,50,4,50,4,0,3,100,2,-250,1,100,2,100,2,100,2,100,2,100,2,100,2,100,2,100,2,100,2,100,2,100,2,100,2,100,2,100,2,100,2,-1150,2,0,3,0,3,0,3,50,3,50,3,50,3,0,3,50,3,0,3,50,3,0,3,0,3,50,3,50,4,50,4,100,2,-1150,2,-150,1,Steingroever2011
Subj_34,100,2,100,2,50,4,100,1,50,3,100,2,100,2,100,2,-1150,2,-200,4,-150,1,50,3,50,3,0,3,0,3,0,3,0,3,50,3,50,3,0,3,0,3,0,3,50,3,50,3,0,3,0,3,50,3,0,3,50,3,50,3,0,3,0,3,100,2,50,3,0,3,0,3,50,3,50,3,50,3,0,3,50,3,50,3,0,3,0,3,0,3,50,3,50,3,50,3,0,3,0,3,50,3,0,3,0,3,50,3,0,3,50,3,50,3,0,3,50,3,0,3,50,3,50,3,0,3,50,3,50,3,0,3,0,3,50,3,0,3,50,3,0,3,0,3,50,3,50,3,50,3,50,3,50,3,0,3,0,3,0,3,0,3,0,3,50,3,0,3,0,3,50,3,0,3,50,3,50,3,50,3,100,2,0,3,0,3,50,3,0,3,50,3,50,3,0,3,50,3,50,3,0,3,0,3,0,3,50,3,0,3,0,3,0,3,50,3,50,3,0,3,50,3,50,3,0,3,50,3,50,3,0,3,0,3,0,3,0,3,50,3,50,3,50,3,0,3,0,3,0,3,50,3,0,3,50,3,50,3,50,3,0,3,50,3,0,3,0,3,50,3,0,3,0,3,50,3,50,3,50,3,50,3,0,3,50,3,0,3,0,3,50,3,50,3,50,3,0,3,0,3,Steingroever2011
Subj_35,0,3,100,2,-250,1,50,4,50,4,0,3,-200,4,-1150,2,100,1,100,1,100,1,-200,1,100,1,100,1,-100,1,-50,1,-150,1,100,1,-50,1,100,1,-150,1,-250,1,100,1,100,1,-100,1,100,1,-200,1,100,2,100,2,100,2,100,2,100,2,100,2,100,2,100,2,100,2,100,2,100,2,-1150,2,100,2,100,2,100,2,100,2,100,2,100,2,100,2,100,2,100,2,100,2,-1150,2,100,2,100,2,100,2,100,2,100,2,100,2,100,2,100,2,100,2,-1150,2,100,2,100,2,100,2,100,2,100,2,100,2,100,2,100,2,-1150,2,100,2,100,2,100,2,100,2,100,2,100,2,50,3,100,2,100,2,100,2,100,2,100,2,100,2,100,2,100,2,100,2,-1150,2,100,2,100,2,100,2,100,2,100,2,100,2,-1150,2,100,2,100,2,100,2,100,2,100,2,100,2,100,2,-1150,2,100,2,100,2,100,2,100,2,100,2,100,2,-1150,2,100,2,100,2,100,2,100,2,100,2,100,2,100,2,100,2,100,2,100,2,-1150,2,100,2,100,2,100,2,100,2,100,2,100,2,100,2,100,2,100,2,100,2,100,2,-1150,2,100,2,100,2,100,2,100,2,100,2,100,2,100,2,50,4,50,3,100,1,100,2,-1150,2,100,1,-100,1,-150,1,100,1,-50,1,-250,1,100,2,Steingroever2011
Subj_36,0,3,50,4,50,4,50,4,100,2,100,1,100,1,100,1,-250,1,-200,1,-150,1,100,1,-100,1,-50,1,100,1,-50,1,100,2,-1150,2,100,1,-200,1,50,3,50,4,50,4,0,3,50,4,50,4,50,4,50,4,-200,4,100,2,100,2,100,1,100,1,50,4,50,3,100,2,-250,1,100,2,50,3,0,3,100,2,50,4,-200,4,100,2,100,2,100,2,100,2,-100,1,50,4,50,4,50,4,50,4,50,4,50,4,0,3,50,4,-200,4,100,2,100,2,-150,1,50,4,50,4,50,4,50,4,50,4,50,4,100,2,100,1,50,3,100,2,100,1,-200,1,50,4,50,3,100,2,50,4,0,3,-1150,2,50,4,50,4,50,4,50,4,100,1,-100,1,50,4,50,4,0,3,50,4,50,4,50,4,100,2,100,2,100,2,100,2,100,2,-1150,2,100,2,100,2,100,2,100,2,100,2,100,1,100,2,100,2,-200,4,50,3,50,3,0,3,100,2,100,1,-1150,2,100,1,-150,1,-250,1,50,4,50,4,-200,4,50,3,100,2,100,2,100,2,100,2,100,2,100,2,100,2,0,3,50,4,50,4,100,2,100,2,100,2,100,2,100,2,100,2,100,2,-1150,2,100,1,-50,1,100,2,100,2,100,2,100,2,100,2,100,2,100,2,50,4,50,4,100,2,100,2,50,4,Steingroever2011
Subj_37,50,4,0,3,100,2,-100,1,-1150,2,50,4,50,4,50,4,50,4,50,4,50,4,50,4,-200,4,100,2,100,2,100,2,100,2,100,2,100,2,100,2,100,2,100,2,100,2,-1150,2,50,3,50,3,0,3,100,2,100,2,100,2,100,2,100,2,-50,1,100,2,100,2,50,3,50,4,50,3,50,4,100,2,0,3,50,4,50,4,100,1,50,4,50,4,100,2,50,3,0,3,100,1,-150,1,50,4,50,4,50,4,0,3,100,2,-200,4,0,3,100,1,100,1,-200,1,100,2,100,1,100,2,50,4,50,4,50,4,0,3,100,2,-250,1,100,2,100,2,100,2,50,3,50,3,0,3,50,4,50,4,50,4,-200,4,-1150,2,50,3,100,2,100,2,100,2,100,2,100,1,100,1,100,1,100,2,100,2,50,3,50,4,0,3,50,4,50,3,50,4,0,3,50,4,50,3,50,4,0,3,50,4,50,3,50,4,0,3,50,4,0,3,50,4,50,3,50,4,50,3,50,4,0,3,50,4,0,3,50,4,50,3,-200,4,0,3,50,4,50,3,50,4,50,3,50,4,0,3,50,4,0,3,50,4,0,3,50,4,50,4,-200,4,50,4,50,4,50,4,50,4,50,4,-200,4,50,4,50,4,50,4,50,4,50,4,50,4,50,4,50,4,50,4,50,4,-1150,2,Steingroever2011
Subj_38,50,3,100,2,0,3,50,3,0,3,0,3,50,3,0,3,50,4,50,4,-200,4,-1150,2,100,1,-50,1,50,3,0,3,50,3,50,3,50,3,0,3,0,3,0,3,50,3,50,3,0,3,0,3,50,3,50,3,50,3,0,3,0,3,0,3,0,3,50,3,50,3,0,3,50,3,50,3,50,3,50,3,0,3,0,3,0,3,0,3,0,3,50,3,50,3,0,3,50,3,0,3,50,3,0,3,0,3,50,3,0,3,50,3,50,3,0,3,0,3,0,3,50,3,50,3,50,3,50,3,0,3,0,3,50,3,50,3,0,3,0,3,50,3,0,3,50,3,50,3,50,3,0,3,0,3,0,3,50,3,0,3,0,3,50,3,50,3,50,3,0,3,50,3,0,3,50,3,0,3,50,3,50,3,0,3,50,3,0,3,0,3,0,3,50,3,0,3,0,3,50,3,50,3,0,3,0,3,50,3,50,3,50,3,0,3,0,3,50,3,50,3,50,3,0,3,0,3,50,3,0,3,50,3,0,3,0,3,50,3,0,3,50,3,0,3,50,3,50,3,0,3,0,3,50,3,50,3,50,3,50,3,0,3,0,3,0,3,50,3,0,3,0,3,50,3,0,3,50,3,0,3,0,3,50,3,0,3,50,3,50,3,50,3,0,3,0,3,0,3,50,3,Steingroever2011
Subj_39,100,2,50,4,100,2,100,2,100,1,50,3,100,2,-1150,2,100,1,100,1,0,3,100,2,100,1,100,2,-150,1,100,2,50,4,50,3,50,3,0,3,100,2,-100,1,100,2,50,4,100,2,100,2,50,4,100,2,-1150,2,50,4,0,3,-250,1,50,4,100,2,100,2,50,4,50,3,-50,1,100,2,50,4,50,4,50,3,0,3,100,2,100,2,0,3,-200,4,100,2,100,2,100,1,-200,1,100,2,100,2,0,3,50,4,50,4,100,2,100,2,100,1,50,4,100,1,50,4,-250,1,50,3,100,2,50,4,0,3,100,2,100,2,50,4,-1150,2,50,4,-50,1,50,3,0,3,-200,4,100,2,100,2,100,2,50,4,0,3,100,1,100,2,100,1,100,2,50,4,0,3,100,2,-150,1,50,4,50,4,-1150,2,100,2,100,2,-100,1,50,4,50,3,50,3,-200,4,50,3,0,3,50,3,50,3,0,3,0,3,50,3,0,3,50,3,100,2,0,3,50,3,100,2,0,3,50,3,100,2,0,3,0,3,100,2,50,3,100,2,0,3,100,2,50,4,50,3,50,3,100,2,100,1,0,3,50,3,0,3,50,3,50,3,50,3,0,3,-1150,2,0,3,0,3,50,3,50,3,0,3,50,3,50,3,50,3,0,3,0,3,0,3,100,2,50,3,0,3,0,3,Steingroever2011
Subj_40,0,3,100,2,-200,1,50,3,50,4,100,2,50,3,50,4,50,3,100,2,-50,1,100,2,100,2,100,2,100,2,-150,1,100,2,-250,1,-1150,2,50,3,50,4,0,3,50,4,0,3,50,4,-200,4,100,2,100,1,100,2,100,2,50,3,100,2,100,1,100,2,100,1,100,2,-100,1,50,4,0,3,100,2,100,1,50,4,0,3,100,2,100,1,50,4,50,3,100,2,-150,1,50,4,50,3,-1150,2,100,1,50,4,50,3,100,2,100,1,50,4,0,3,100,2,-250,1,50,4,0,3,100,2,100,1,50,4,0,3,100,2,-100,1,50,4,50,3,100,2,-50,1,50,4,50,3,-1150,2,100,1,50,4,0,3,100,2,-200,1,0,3,100,2,100,1,100,2,100,2,100,2,100,2,100,2,100,2,100,2,100,2,100,2,100,2,100,2,-1150,2,100,2,-1150,2,0,3,-150,1,50,4,0,3,50,4,-200,4,50,3,100,2,-50,1,100,2,50,3,50,3,50,4,0,3,100,2,100,1,50,3,100,1,0,3,50,4,100,1,100,2,100,2,100,2,0,3,50,4,-250,1,50,3,50,4,-200,4,50,3,100,2,100,1,100,2,0,3,100,2,50,4,-200,1,100,2,0,3,100,2,-100,1,100,2,50,4,0,3,100,2,100,2,50,3,100,2,100,1,100,2,50,3,Steingroever2011
Subj_41,0,3,100,2,100,1,50,4,-50,1,100,2,0,3,100,2,100,2,-200,1,50,3,50,4,100,2,50,3,50,3,100,2,50,3,100,2,100,1,-1150,2,100,1,50,3,50,4,0,3,100,2,100,1,-100,1,100,2,0,3,100,2,100,1,100,2,0,3,0,3,-200,4,0,3,100,2,-250,1,-150,1,100,2,100,2,-150,1,50,3,100,2,50,4,0,3,50,3,50,4,100,2,100,2,100,1,-250,1,-1150,2,50,3,0,3,50,4,50,4,50,3,100,2,100,2,100,2,100,2,100,2,100,2,-1150,2,100,2,100,2,100,2,100,2,100,2,100,2,0,3,50,3,50,3,-50,1,-200,1,100,1,100,1,-100,1,100,1,100,2,-1150,2,100,2,100,2,100,2,100,2,100,1,-250,1,100,1,-100,1,100,1,0,3,50,4,50,4,50,3,50,3,100,2,100,2,50,3,-200,1,100,2,100,2,0,3,50,3,50,4,50,4,0,3,0,3,50,4,50,4,50,4,50,4,50,4,50,4,50,4,-200,4,100,2,0,3,100,2,100,1,50,4,50,4,50,4,50,4,0,3,50,4,100,2,50,4,50,3,50,4,-50,1,100,2,50,4,0,3,50,4,50,3,-200,4,100,2,50,4,50,4,100,2,50,3,50,4,0,3,-1150,2,50,4,0,3,100,2,100,2,100,2,Steingroever2011
Subj_42,100,2,-1150,2,100,1,0,3,50,4,-150,1,100,2,50,3,100,2,100,2,100,2,100,2,100,2,100,2,100,2,100,2,-1150,2,100,2,100,2,100,2,100,2,100,2,100,2,100,2,100,2,-200,1,50,3,50,3,0,3,50,3,50,4,-200,4,50,4,100,2,100,2,-1150,2,100,2,100,2,100,2,100,2,100,2,-100,1,100,1,-250,1,100,1,100,1,-50,1,100,1,-250,1,100,1,100,2,100,2,0,3,0,3,50,3,0,3,0,3,50,3,50,4,50,4,50,4,50,4,100,2,100,2,-1150,2,0,3,100,2,100,2,100,2,100,2,100,2,100,2,100,1,100,1,50,4,0,3,50,3,0,3,0,3,50,3,50,4,50,4,-100,1,-150,1,-200,1,100,1,100,2,-200,4,50,3,50,3,50,3,0,3,0,3,50,3,0,3,50,3,0,3,0,3,50,3,50,3,50,3,50,3,0,3,0,3,0,3,0,3,50,3,50,3,50,3,0,3,0,3,0,3,50,3,50,3,0,3,0,3,50,3,0,3,50,3,50,3,50,3,0,3,0,3,50,3,50,3,0,3,0,3,0,3,50,3,50,3,0,3,0,3,50,3,0,3,50,3,50,3,0,3,50,3,0,3,50,3,0,3,0,3,0,3,50,3,50,3,50,3,50,3,0,3,0,3,50,3,Steingroever2011
Subj_43,0,3,50,3,100,1,50,4,100,2,100,1,100,2,50,4,100,1,100,2,-100,1,-1150,2,50,4,0,3,50,4,100,1,100,2,-200,4,50,3,100,1,100,2,50,3,50,4,-150,1,50,3,50,4,100,2,-200,1,50,3,50,4,0,3,100,2,100,2,-250,1,50,4,0,3,50,4,100,2,50,4,100,2,50,4,100,2,50,4,100,2,-200,4,100,2,-1150,2,50,4,0,3,-50,1,50,4,100,2,50,4,100,2,50,4,100,2,50,4,100,2,50,4,100,2,50,4,100,2,50,4,100,2,50,4,100,2,50,4,100,2,50,4,100,2,50,4,-1150,2,50,4,100,2,-200,4,0,3,100,1,100,1,50,4,50,4,100,2,100,2,-50,1,50,4,100,2,50,4,100,1,50,4,-150,1,50,4,100,2,50,4,100,2,50,3,100,2,50,4,-200,4,100,2,0,3,50,3,0,3,0,3,50,3,50,4,100,2,50,4,0,3,50,3,50,3,50,3,100,2,50,4,100,2,50,4,100,2,100,2,-1150,2,50,4,100,2,0,3,50,4,50,4,100,2,0,3,50,4,100,2,-1150,2,50,4,100,1,-250,1,50,3,-200,4,100,2,100,2,100,1,0,3,50,4,100,2,50,4,100,2,50,4,100,2,50,3,50,4,50,3,100,2,50,4,100,2,100,2,0,3,Steingroever2011
Subj_44,100,2,100,2,100,2,-1150,2,0,3,-100,1,50,4,50,4,50,4,50,4,50,4,50,4,50,4,-200,4,100,2,100,2,100,2,100,2,100,2,100,2,100,2,100,2,100,2,-1150,2,50,3,0,3,50,4,50,4,-150,1,50,4,50,4,50,4,50,4,50,4,-200,4,100,2,100,2,100,2,100,2,100,2,100,2,100,2,100,2,100,2,50,4,50,4,50,4,50,4,50,4,50,4,50,4,50,4,50,3,50,4,100,2,100,2,100,2,100,2,100,2,-1150,2,50,4,50,4,50,4,-200,4,-50,1,50,3,50,3,0,3,100,2,100,2,100,2,100,2,100,2,100,2,100,2,100,2,100,2,100,2,-1150,2,50,4,50,4,50,4,-200,4,-1150,2,100,2,100,2,100,2,100,2,100,2,100,2,100,2,100,2,100,2,50,4,50,4,50,4,50,3,0,3,50,4,50,4,100,1,-250,1,50,4,100,2,100,2,100,2,100,2,100,2,100,2,100,2,-1150,2,50,4,50,4,-200,4,0,3,50,3,50,3,0,3,0,3,0,3,50,3,50,3,0,3,50,3,0,3,50,3,50,3,0,3,0,3,0,3,50,3,0,3,50,3,50,3,0,3,0,3,50,3,0,3,50,3,50,3,0,3,0,3,50,3,50,3,0,3,0,3,50,3,0,3,50,3,0,3,Steingroever2011
Subj_45,50,4,50,4,100,1,0,3,100,2,100,1,100,2,100,1,-50,1,-100,1,100,2,100,1,100,2,-150,1,100,2,-1150,2,50,4,50,3,100,2,50,4,50,3,100,1,100,2,50,4,-250,1,50,3,-200,4,100,2,-200,1,100,2,50,4,100,2,0,3,100,1,-1150,2,50,4,-100,1,100,2,100,2,50,4,100,2,50,4,100,2,100,2,50,4,100,2,50,4,100,2,50,4,100,2,100,2,100,2,100,2,100,2,100,2,100,2,100,2,50,4,-1150,2,100,2,100,2,100,2,100,2,-1150,2,50,4,0,3,-250,1,50,4,100,2,100,2,100,2,100,2,100,2,100,2,100,2,100,2,100,2,100,2,100,2,100,2,100,2,100,2,100,2,100,2,-1150,2,-200,4,100,1,100,1,-50,1,-200,1,50,3,50,3,0,3,100,2,100,2,100,2,50,4,100,2,100,2,100,2,100,2,100,2,-1150,2,50,4,100,2,100,2,100,2,100,2,100,2,100,2,50,4,50,4,50,4,50,4,50,4,0,3,0,3,-150,1,-1150,2,100,1,100,1,-250,1,-50,1,50,4,-200,4,50,3,50,3,0,3,100,2,100,2,100,2,100,2,100,2,100,2,50,4,50,4,100,2,100,2,100,2,50,4,-1150,2,50,4,100,1,100,1,100,1,100,2,100,2,100,2,100,2,100,2,Steingroever2011
Subj_46,50,4,50,4,50,4,50,4,50,4,50,4,50,4,-200,4,50,4,50,4,50,4,50,4,50,4,50,4,50,4,50,4,-200,4,50,4,50,4,50,4,50,4,-200,4,50,4,50,4,50,4,50,4,50,4,50,4,50,4,50,4,50,4,-200,4,50,4,50,4,50,4,50,4,50,4,50,4,50,4,50,4,50,4,50,4,50,4,50,4,50,4,50,4,50,4,-200,4,50,4,50,4,50,4,50,4,-200,4,50,4,50,4,50,4,50,3,50,4,0,3,0,3,50,4,50,3,50,4,50,4,0,3,100,2,-1150,2,50,4,50,4,50,4,50,4,50,4,50,4,50,4,50,4,-200,4,50,4,50,4,0,3,50,4,50,4,50,4,50,4,50,4,50,4,-200,4,50,4,50,4,50,4,50,4,50,4,50,4,50,4,50,4,-200,4,50,4,50,4,50,4,50,4,50,4,50,4,50,4,-200,4,50,4,50,4,50,4,50,4,-250,1,100,1,-200,1,100,1,50,4,-200,4,50,4,50,4,50,4,50,3,50,4,0,3,50,4,50,3,50,4,50,4,50,3,50,3,50,4,50,4,50,3,0,3,50,4,50,4,50,3,50,3,50,4,50,4,50,4,0,3,50,4,50,3,-200,4,0,3,50,4,50,4,0,3,50,4,0,3,50,4,50,4,0,3,50,4,Steingroever2011
Subj_47,50,4,50,4,100,2,100,1,0,3,-100,1,-1150,2,50,4,-250,1,50,3,0,3,50,4,50,4,50,4,50,4,-200,4,50,4,100,1,50,4,50,4,50,4,100,2,50,4,50,4,50,4,50,3,-200,4,100,1,-50,1,100,2,0,3,50,4,50,4,50,4,50,4,50,4,50,4,50,4,50,4,-200,4,100,2,100,2,100,1,-150,1,100,2,100,2,100,2,100,2,100,2,-1150,2,100,2,100,2,100,2,100,2,100,2,50,4,50,4,50,4,50,4,50,4,50,4,-200,4,100,2,100,2,100,2,100,2,100,2,100,1,-200,1,50,3,50,3,0,3,50,4,50,4,50,4,50,4,50,4,50,4,50,4,50,4,100,2,100,2,100,2,100,2,100,2,50,4,-1150,2,-200,4,0,3,100,1,50,4,50,4,50,4,50,4,50,4,50,4,100,2,100,2,-1150,2,100,1,-200,1,50,3,50,3,50,4,50,4,50,4,-200,4,100,2,100,2,-250,1,50,4,50,4,100,1,50,4,50,4,50,4,100,2,100,2,0,3,50,4,50,4,100,1,50,4,100,2,100,2,100,2,100,2,100,2,50,4,50,4,50,4,50,4,-200,4,-1150,2,0,3,50,4,50,4,50,4,100,2,100,2,100,2,100,2,100,2,-50,1,50,4,50,4,50,4,100,2,100,2,100,2,Steingroever2011
Subj_48,50,4,100,1,100,2,50,3,50,4,100,2,100,1,50,4,0,3,100,2,50,4,100,2,-50,1,50,3,50,4,100,2,-200,1,-1150,2,50,3,-200,4,100,1,100,2,50,4,0,3,-100,1,100,2,50,4,100,2,0,3,100,1,100,2,50,4,50,4,50,3,100,2,-250,1,100,2,50,4,0,3,50,4,-150,1,100,2,50,4,0,3,50,4,-1150,2,50,4,50,4,100,1,50,4,50,3,100,1,100,2,50,4,100,2,-250,1,50,3,-200,4,-200,1,100,2,50,4,0,3,50,4,-50,1,100,2,50,4,50,3,-100,1,100,2,50,4,0,3,100,2,50,4,100,1,0,3,50,4,-150,1,100,2,-200,4,100,1,100,2,50,3,50,4,100,1,100,2,50,3,100,2,100,1,50,4,50,3,-50,1,100,2,50,4,0,3,50,4,100,2,100,1,0,3,100,2,50,4,-100,1,50,4,0,3,100,2,-150,1,50,4,50,3,-1150,2,-200,4,50,3,100,2,50,4,0,3,100,1,50,4,100,2,50,4,0,3,-1150,2,-250,1,50,3,50,4,100,2,100,1,0,3,50,4,100,2,100,1,50,3,100,2,50,4,50,3,-200,1,0,3,100,2,50,4,100,1,50,3,100,2,50,4,100,1,0,3,50,4,100,2,100,1,0,3,50,4,100,2,-150,1,0,3,Steingroever2011
Subj_49,100,2,50,3,100,2,-200,1,100,2,100,2,50,4,-1150,2,50,3,0,3,50,4,100,2,-250,1,100,2,100,2,100,2,100,2,100,2,100,2,-1150,2,50,4,50,4,0,3,100,2,100,2,50,4,100,2,50,4,100,2,100,2,100,1,100,2,100,2,100,2,-200,4,100,2,100,2,100,2,50,4,-1150,2,100,2,100,2,100,2,100,2,50,3,0,3,50,4,-50,1,100,2,100,2,100,2,50,4,50,4,0,3,100,2,100,2,100,2,100,2,100,2,100,2,-100,1,100,1,100,1,-150,1,-1150,2,50,3,100,2,100,2,100,2,100,2,100,2,100,2,50,4,50,4,50,3,100,1,100,2,0,3,50,4,50,3,50,4,50,3,0,3,100,2,100,2,-1150,2,100,1,-100,1,100,2,100,2,100,2,50,4,50,4,50,4,50,3,0,3,100,2,-1150,2,100,2,100,2,100,2,0,3,-200,4,50,4,50,4,50,4,50,4,-150,1,100,1,100,2,100,2,100,2,100,2,100,2,100,2,50,3,0,3,-200,1,100,2,50,4,50,4,100,2,50,4,0,3,100,1,-50,1,50,4,-200,4,50,3,50,4,100,2,-1150,2,50,3,50,3,100,2,100,2,100,2,100,2,100,2,100,2,100,2,100,2,100,1,50,4,0,3,50,3,0,3,50,4,50,4,50,4,Steingroever2011
Subj_50,50,4,-50,1,0,3,100,2,100,2,-1150,2,100,2,50,4,100,1,100,2,100,2,-150,1,50,3,100,2,100,2,50,4,100,2,100,2,100,2,-1150,2,100,2,100,2,50,4,-100,1,100,2,0,3,100,2,100,2,100,2,-200,4,100,2,100,1,100,1,-200,1,100,2,-1150,2,100,2,100,2,100,2,100,2,50,4,100,2,100,2,100,2,100,2,100,2,50,3,100,1,50,4,100,2,100,2,100,2,100,2,100,2,50,4,100,2,100,2,100,2,50,4,50,4,-200,4,50,4,0,3,50,4,-1150,2,100,1,-250,1,-250,1,50,4,50,4,100,2,100,2,100,2,100,2,100,2,-1150,2,100,2,50,4,100,1,50,4,100,2,100,2,100,2,100,2,100,2,-1150,2,0,3,50,3,100,1,50,4,100,1,-200,1,50,4,50,4,100,2,-150,1,0,3,50,4,100,2,100,2,100,2,100,2,100,2,100,2,100,2,50,4,-200,4,50,4,50,4,100,2,50,4,100,2,50,4,50,4,100,2,100,2,100,2,50,4,50,4,100,2,100,2,50,4,100,1,100,1,-50,1,-100,1,50,3,50,3,0,3,0,3,50,4,50,4,100,2,-250,1,0,3,50,3,50,3,0,3,50,4,50,4,50,4,50,4,100,1,-150,1,100,1,-200,4,100,2,-1150,2,-200,1,-50,1,Steingroever2011
Subj_51,50,3,50,4,100,2,100,1,100,1,100,1,-50,1,100,2,100,2,100,2,100,2,100,2,100,2,100,2,100,2,-1150,2,50,3,50,3,0,3,50,4,50,4,50,4,50,4,-200,1,50,4,50,4,50,4,-200,4,50,3,0,3,100,2,100,2,100,2,100,2,100,2,-1150,2,0,3,100,1,-150,1,50,4,50,4,-200,4,50,3,100,2,100,1,100,2,0,3,50,4,0,3,100,2,-100,1,50,4,50,3,100,2,-250,1,50,4,50,3,100,2,50,4,0,3,100,2,50,4,100,2,50,4,100,2,50,4,100,2,50,3,100,1,50,4,50,3,100,2,-150,1,-1150,2,0,3,50,4,50,4,0,3,100,2,100,2,100,2,100,1,100,1,50,4,50,4,0,3,100,2,-100,1,100,2,100,2,100,2,50,4,50,4,50,4,50,4,100,2,100,2,0,3,100,2,-200,4,-1150,2,-200,1,100,2,50,3,50,4,100,2,0,3,-200,4,100,2,100,2,50,4,50,4,50,4,50,4,100,2,100,2,100,2,100,2,100,2,50,3,0,3,100,1,-1150,2,-50,1,50,4,50,4,50,4,0,3,100,2,100,2,100,2,50,4,50,4,50,4,100,2,100,1,-250,1,100,2,50,3,50,4,50,4,0,3,-100,1,50,4,50,4,50,4,50,4,50,3,100,2,0,3,Steingroever2011
Subj_52,-100,1,100,2,50,3,50,4,-1150,2,100,1,0,3,50,4,50,4,50,4,50,4,-200,4,50,3,0,3,100,2,100,2,100,1,100,1,-250,1,100,2,100,2,50,3,0,3,100,2,50,4,100,2,100,2,50,4,50,4,50,3,-50,1,100,2,100,2,0,3,50,4,100,2,100,2,100,2,-1150,2,50,4,0,3,100,2,100,2,-200,4,100,2,100,2,100,1,100,2,-1150,2,-200,1,50,3,0,3,50,4,50,3,100,2,100,1,100,2,0,3,50,4,-150,1,100,2,50,3,50,4,0,3,0,3,50,3,0,3,50,3,50,3,0,3,0,3,50,3,0,3,50,3,50,4,50,4,50,4,50,4,50,4,50,4,50,4,50,4,50,4,50,4,50,4,50,4,-200,4,50,4,50,4,50,4,50,4,50,4,50,4,50,4,50,4,50,4,50,4,50,4,-200,4,50,4,50,4,50,4,50,4,50,4,50,4,50,4,50,4,50,4,-200,4,50,4,50,4,50,4,50,4,50,4,50,4,-200,4,50,4,50,4,50,4,-200,4,0,3,50,4,50,4,50,4,50,4,50,4,50,4,50,4,50,4,50,4,50,4,50,4,-200,4,50,4,50,4,50,4,50,4,50,4,50,4,50,4,50,4,50,4,50,4,50,4,50,4,50,4,-200,4,50,4,50,4,50,4,Steingroever2011
Subj_53,0,3,0,3,100,1,-50,1,-150,1,50,4,50,4,50,4,100,2,100,2,100,1,100,1,100,2,50,4,0,3,-250,1,100,2,100,2,-200,1,-100,1,50,4,100,2,50,3,100,2,100,1,100,1,-50,1,50,4,100,2,100,2,100,1,-1150,2,-250,1,50,4,50,4,50,4,100,2,100,2,100,2,100,2,100,2,100,2,100,2,100,2,-1150,2,-200,4,100,1,-150,1,-200,1,100,2,100,2,50,4,100,2,50,4,100,2,50,4,100,2,100,2,100,2,100,2,-1150,2,50,4,50,4,-200,4,50,4,50,4,100,2,100,2,100,2,100,2,50,4,50,4,50,4,50,4,50,4,-200,4,50,4,50,4,50,4,50,4,100,1,50,4,100,1,50,4,100,1,50,4,-100,1,-1150,2,100,2,100,2,100,2,100,2,100,2,100,2,100,2,100,2,50,4,-100,1,50,4,50,4,50,4,50,3,0,3,50,3,50,3,50,3,0,3,-250,1,50,4,100,2,50,3,0,3,50,4,50,3,50,4,50,3,50,4,0,3,-200,4,0,3,50,4,50,4,-200,4,100,1,-150,1,50,4,100,2,100,1,0,3,100,1,-50,1,50,4,100,2,50,3,-200,1,50,4,50,4,50,4,50,4,50,4,100,2,0,3,100,1,50,4,100,2,50,3,100,1,-50,1,50,4,-1150,2,Steingroever2011
Subj_54,100,2,50,4,-200,1,50,3,100,2,100,2,100,2,-1150,2,50,4,100,1,-250,1,0,3,50,4,100,2,100,1,100,2,100,1,100,2,-200,4,50,3,100,1,100,2,100,1,100,2,-100,1,50,4,50,3,50,4,50,3,50,4,0,3,100,2,-50,1,50,3,100,2,-150,1,50,4,50,4,50,4,50,4,50,4,50,4,-200,4,50,4,50,4,50,4,50,4,50,4,50,4,50,4,100,2,100,2,100,2,-1150,2,100,2,100,2,100,2,-250,1,100,1,-50,1,100,1,100,1,100,1,-100,1,0,3,0,3,0,3,0,3,0,3,50,3,50,3,100,1,-200,1,-150,1,100,1,100,1,-50,1,100,2,100,1,100,2,-250,1,50,4,50,4,100,2,50,4,-1150,2,100,1,100,1,0,3,-100,1,50,4,100,2,50,4,100,2,-200,4,-200,1,50,3,0,3,-150,1,50,4,100,2,100,2,50,4,-200,1,50,3,100,2,50,4,-150,1,0,3,100,2,50,4,-50,1,50,3,50,3,-100,1,50,4,100,2,100,2,100,1,50,4,0,3,100,2,100,1,50,4,0,3,50,3,100,2,100,1,50,4,100,2,50,3,100,1,-200,4,100,2,-250,1,50,4,0,3,100,2,100,1,50,4,50,3,0,3,50,4,100,1,100,2,50,3,-150,1,0,3,50,3,50,4,Steingroever2011
Subj_55,50,4,50,3,100,2,-1150,2,100,1,50,4,0,3,-200,4,100,2,-100,1,100,2,50,3,100,2,50,4,0,3,100,2,-200,1,100,2,100,2,50,4,0,3,50,4,50,4,50,4,50,4,50,4,50,4,50,4,50,4,50,4,50,4,50,4,-200,4,100,2,0,3,100,2,100,2,50,4,100,2,50,4,50,4,50,4,50,4,100,2,50,4,50,4,50,4,-200,4,100,2,100,2,100,2,100,2,100,2,-1150,2,50,4,50,4,50,4,50,4,50,4,50,4,50,4,50,4,50,3,50,3,100,1,50,4,50,4,-200,4,50,4,50,4,50,4,-200,4,50,3,0,3,0,3,50,4,-250,1,100,2,100,2,100,2,50,4,50,4,50,4,50,4,50,4,50,4,50,4,50,4,-200,4,50,4,50,4,50,4,50,4,50,4,50,4,50,4,50,4,50,4,50,4,50,4,50,4,-200,4,50,4,50,4,50,4,50,4,50,4,50,4,50,4,50,4,-200,4,50,4,50,4,50,4,50,4,50,4,50,4,50,4,50,4,50,4,50,4,50,4,50,4,50,4,-200,4,50,4,50,4,50,4,50,4,50,4,50,4,-200,4,50,4,50,4,50,4,50,4,50,4,50,4,50,4,50,4,50,4,50,4,-200,4,50,4,50,4,50,4,50,4,50,4,50,4,50,4,Steingroever2011
Subj_56,-200,1,100,2,0,3,50,4,-100,1,100,2,100,2,100,2,100,2,50,3,50,4,100,2,-1150,2,100,2,100,2,100,2,100,2,100,2,100,2,100,2,100,2,-1150,2,100,2,100,2,100,2,100,2,100,2,100,2,100,2,100,2,100,2,100,2,100,2,-1150,2,100,2,100,2,100,2,100,2,100,2,100,2,100,2,100,2,100,2,100,2,-1150,2,100,2,100,2,100,2,100,2,100,2,100,2,100,2,-1150,2,50,3,0,3,100,2,100,2,100,2,100,2,100,2,100,2,100,2,100,2,-1150,2,100,2,100,2,100,2,100,2,100,2,100,2,100,2,100,1,-50,1,50,3,50,4,50,4,50,4,50,4,50,3,0,3,50,4,50,4,50,4,50,3,100,2,100,2,100,2,100,2,100,2,-1150,2,-200,4,0,3,100,2,100,2,-1150,2,-250,1,100,1,100,1,-150,1,100,1,100,2,100,2,100,2,100,2,100,2,100,2,100,2,100,2,0,3,0,3,50,4,50,4,50,4,50,4,50,4,50,4,50,4,-200,4,50,4,50,4,50,4,50,4,50,3,100,2,100,2,100,1,50,4,50,4,50,4,0,3,0,3,100,2,-1150,2,-100,1,100,1,-250,1,100,1,100,1,100,1,100,1,-50,1,-200,1,100,2,100,2,100,2,100,2,100,2,100,2,100,2,-200,4,Steingroever2011
Subj_57,50,3,0,3,50,3,0,3,0,3,0,3,0,3,50,3,50,3,50,3,50,3,50,3,50,3,50,3,0,3,0,3,0,3,0,3,50,3,0,3,0,3,50,3,0,3,50,3,0,3,50,3,0,3,50,3,0,3,50,3,50,3,0,3,50,3,50,3,50,3,0,3,50,3,0,3,0,3,0,3,50,3,0,3,0,3,50,3,50,3,50,3,50,3,0,3,0,3,0,3,50,3,50,3,50,3,0,3,50,3,0,3,0,3,0,3,50,3,0,3,0,3,0,3,0,3,50,3,50,3,0,3,0,3,50,3,50,3,50,3,50,3,0,3,50,3,0,3,0,3,0,3,50,3,50,3,0,3,50,3,50,3,0,3,0,3,50,3,0,3,50,3,50,3,0,3,0,3,50,3,0,3,0,3,0,3,50,3,0,3,50,3,50,3,50,3,0,3,50,3,50,3,50,3,50,3,0,3,50,3,0,3,0,3,50,3,0,3,0,3,0,3,0,3,50,3,0,3,0,3,0,3,50,3,50,3,50,3,50,3,50,3,0,3,0,3,50,3,0,3,0,3,0,3,50,3,50,3,50,3,0,3,0,3,50,3,50,3,50,3,0,3,0,3,50,3,50,3,0,3,50,3,0,3,50,3,50,3,0,3,0,3,0,3,50,3,0,3,50,3,Steingroever2011
Subj_58,50,4,0,3,100,1,100,2,-200,4,100,1,-50,1,100,2,0,3,50,4,50,4,100,2,50,3,100,1,50,4,100,2,50,3,100,1,50,4,50,3,-1150,2,100,1,-200,1,-100,1,-150,1,-250,1,100,1,-50,1,100,1,-150,1,50,3,100,2,50,4,100,2,50,3,100,1,0,3,100,2,50,4,100,2,100,2,-200,1,50,4,0,3,50,4,100,2,100,2,100,2,100,2,100,2,100,2,100,2,100,2,100,2,-1150,2,50,4,50,4,0,3,0,3,-100,1,50,4,100,2,-1150,2,100,1,100,1,50,4,50,3,100,2,-250,1,50,4,0,3,50,4,100,2,-250,1,50,3,50,4,100,2,100,2,100,2,100,2,100,1,-150,1,0,3,-200,4,50,4,50,4,100,2,100,2,100,2,-200,1,50,3,50,3,100,2,-1150,2,50,4,100,2,100,2,100,1,0,3,100,1,100,2,100,1,100,1,-100,1,-50,1,100,2,100,2,100,2,100,2,100,2,100,2,-200,4,0,3,-50,1,100,2,100,2,-1150,2,50,4,50,4,50,4,50,4,50,4,50,4,50,3,0,3,50,3,50,3,0,3,50,3,50,3,0,3,0,3,0,3,50,3,50,4,100,2,100,2,100,2,-150,1,100,2,100,2,50,4,50,3,100,2,50,3,100,2,50,4,100,1,100,2,0,3,Wetzels
Subj_59,50,4,50,4,50,4,50,4,50,4,50,3,100,1,100,2,100,1,-100,1,-250,1,100,2,100,2,50,4,100,2,-150,1,100,2,100,2,-1150,2,50,4,50,4,-200,4,0,3,100,1,50,4,50,3,100,2,50,4,50,3,-200,1,100,2,50,4,0,3,50,4,100,2,50,4,-1150,2,0,3,50,4,50,4,-200,4,100,2,-50,1,50,3,100,2,0,3,100,2,50,4,50,4,100,2,50,4,100,2,-200,4,100,2,50,4,100,2,50,4,100,2,50,4,100,2,50,4,100,2,50,4,100,2,50,4,100,2,50,4,100,2,50,4,100,2,50,4,-1150,2,50,4,100,2,50,3,0,3,100,1,50,4,100,2,50,3,100,1,50,4,100,2,50,4,100,2,-200,4,100,2,50,4,100,2,50,4,50,3,50,4,50,3,100,2,50,4,0,3,50,4,100,2,100,1,0,3,50,4,100,2,100,1,0,3,50,4,100,2,-100,1,0,3,50,4,100,2,100,1,50,3,50,4,-1150,2,-150,1,0,3,-200,4,100,2,-50,1,50,3,50,4,100,2,50,4,-1150,2,50,3,50,4,100,2,-250,1,0,3,50,4,100,2,100,1,50,3,50,4,100,2,-200,1,0,3,-200,4,100,2,100,1,100,2,50,4,100,2,50,4,100,2,50,4,100,2,50,4,100,2,50,4,Wetzels
Subj_60,0,3,0,3,-100,1,50,4,50,4,50,4,100,2,100,2,100,2,50,3,100,2,100,1,100,2,-1150,2,100,1,-200,1,100,2,100,2,50,4,50,4,50,4,50,4,50,4,50,4,-200,4,-150,1,0,3,100,1,-250,1,50,4,50,4,50,4,50,4,100,2,100,2,100,2,100,2,0,3,50,3,50,3,0,3,50,3,50,3,50,3,0,3,0,3,50,3,50,3,50,3,0,3,0,3,50,3,0,3,0,3,0,3,50,3,0,3,50,3,50,3,50,3,0,3,50,3,0,3,50,3,0,3,0,3,50,3,50,3,0,3,0,3,50,3,0,3,50,3,50,3,0,3,0,3,50,3,50,3,0,3,50,3,0,3,50,3,0,3,50,3,0,3,0,3,0,3,50,3,0,3,50,3,0,3,50,3,50,3,0,3,0,3,50,3,50,3,50,3,50,3,50,3,0,3,0,3,0,3,0,3,50,3,50,3,50,3,0,3,0,3,0,3,0,3,50,3,50,3,50,3,50,3,50,3,50,3,0,3,0,3,0,3,0,3,50,3,0,3,0,3,0,3,50,3,50,3,50,3,0,3,0,3,50,3,50,3,0,3,0,3,50,3,50,3,50,3,0,3,50,3,0,3,50,3,0,3,0,3,50,3,50,3,0,3,50,3,50,3,0,3,0,3,Wetzels
Subj_61,50,4,0,3,50,4,-200,4,-50,1,50,4,100,2,50,4,100,2,50,4,100,2,-200,1,50,4,100,2,50,4,100,2,50,4,100,2,50,4,100,2,50,4,-1150,2,50,4,100,1,0,3,-250,1,50,4,100,2,-200,4,100,1,100,2,100,1,0,3,100,2,100,1,-1150,2,100,1,50,4,-100,1,50,3,50,4,100,2,50,3,-150,1,0,3,100,2,100,2,50,4,100,2,100,2,100,2,100,2,50,3,50,3,100,2,50,4,100,2,50,3,50,4,0,3,100,2,-1150,2,50,4,100,1,50,4,100,1,-200,1,50,4,100,2,50,4,100,2,0,3,100,2,50,4,100,2,100,2,50,4,100,2,50,4,100,2,100,1,0,3,-100,1,50,4,100,2,100,1,50,4,100,2,100,1,-200,4,-150,1,100,2,50,3,100,2,50,4,50,3,100,2,50,4,50,3,50,4,100,2,0,3,-50,1,-200,4,-250,1,-1150,2,0,3,0,3,50,4,100,1,50,4,50,3,-150,1,100,2,50,4,50,4,100,2,100,2,100,2,50,4,100,2,-250,1,100,2,50,3,50,4,100,2,50,4,0,3,100,2,50,4,100,2,100,1,50,4,-1150,2,50,4,-100,1,0,3,50,3,100,2,50,3,100,1,100,2,100,1,100,2,-50,1,50,4,100,2,100,2,50,4,100,2,Wetzels
Subj_62,50,4,100,2,50,4,100,1,0,3,-1150,2,50,4,50,4,-200,4,-200,1,-100,1,100,2,50,3,100,2,100,2,100,2,100,2,100,2,100,2,100,2,100,2,-1150,2,-250,1,50,3,50,4,-150,1,100,1,50,3,100,1,50,4,50,4,100,2,100,2,100,2,100,1,50,4,50,4,100,2,-50,1,50,3,0,3,100,2,50,4,50,4,100,1,100,1,50,4,0,3,100,2,100,1,100,2,50,4,50,4,100,1,100,2,50,4,-1150,2,0,3,0,3,100,1,-200,1,-200,4,100,2,50,3,50,3,50,3,0,3,100,2,50,4,50,4,100,1,-100,1,50,4,50,3,100,2,50,4,50,4,-200,4,100,2,-50,1,100,2,50,4,50,4,100,2,100,2,-250,1,50,4,100,2,100,2,100,2,100,2,100,2,100,2,100,2,100,2,100,2,-1150,2,0,3,-150,1,50,4,50,4,100,2,100,2,100,2,-1150,2,50,4,-150,1,100,2,100,2,50,4,50,4,100,2,100,2,100,2,100,2,100,2,100,1,50,4,-250,1,100,2,100,2,100,2,100,2,-100,1,100,2,0,3,50,3,100,2,50,3,50,4,100,2,0,3,100,1,-50,1,100,2,50,4,-200,4,100,2,100,2,-1150,2,50,4,50,4,100,2,100,2,100,2,100,2,100,1,100,1,-200,1,100,2,Wetzels
Subj_63,0,3,100,2,50,4,100,1,-100,1,100,2,100,2,100,2,100,2,100,2,100,2,-1150,2,100,2,100,2,100,2,100,2,100,2,100,2,100,2,-1150,2,100,2,100,2,50,3,50,3,0,3,50,4,-200,4,100,2,-150,1,100,1,-250,1,-50,1,100,1,-200,1,100,2,100,2,100,2,100,2,100,2,0,3,0,3,50,3,50,3,100,2,50,4,100,2,100,2,100,2,0,3,50,3,50,3,50,4,50,4,50,4,50,4,50,4,100,1,-1150,2,100,1,100,1,100,1,-50,1,100,1,-150,1,50,4,50,4,50,4,100,2,50,3,100,2,100,2,100,2,50,3,0,3,0,3,0,3,0,3,50,3,0,3,50,3,0,3,50,3,0,3,50,4,100,2,50,4,50,4,50,4,-200,4,0,3,50,3,50,3,50,3,0,3,100,1,100,2,-200,1,50,4,50,4,50,4,0,3,50,4,-200,4,50,4,50,4,50,4,50,4,50,4,50,4,50,4,50,4,50,3,0,3,50,3,50,3,50,3,50,3,0,3,50,3,0,3,0,3,0,3,100,2,0,3,50,3,0,3,0,3,50,3,0,3,50,3,50,3,0,3,50,3,0,3,0,3,50,3,50,3,0,3,50,3,0,3,50,3,50,3,0,3,50,3,0,3,0,3,0,3,50,4,50,4,100,2,Wetzels
Subj_64,100,2,100,2,-1150,2,50,3,50,4,50,4,0,3,100,1,-100,1,50,4,50,4,-200,4,100,2,100,2,0,3,50,4,50,4,-250,1,100,2,50,4,50,4,50,4,50,4,50,4,50,3,50,4,50,4,50,4,50,4,50,4,50,3,50,3,50,4,50,4,-200,4,100,2,0,3,100,2,50,4,50,4,50,4,0,3,100,2,50,4,50,4,50,4,-200,4,50,3,0,3,100,2,100,1,50,4,50,4,100,2,50,4,50,4,50,4,-1150,2,50,4,50,4,50,4,0,3,-200,4,100,2,100,2,100,2,100,2,50,4,50,4,50,4,50,4,100,2,-200,4,100,2,100,2,0,3,50,4,50,4,50,4,100,1,50,4,50,4,50,4,50,4,50,4,50,4,50,4,50,4,100,2,-1150,2,50,4,50,4,50,4,-200,4,50,3,50,4,50,4,100,2,50,3,50,4,50,4,50,4,-200,4,100,2,100,2,50,4,50,4,50,4,100,2,50,4,100,2,50,4,50,4,50,4,50,4,0,3,0,3,50,4,50,4,100,2,50,4,100,2,50,4,50,4,50,4,100,2,50,4,-200,4,50,3,100,2,50,4,50,4,50,4,0,3,50,4,50,4,50,4,50,3,50,4,50,4,50,4,50,3,50,4,50,4,-200,4,0,3,50,4,100,2,50,4,100,2,Wetzels
Subj_65,0,3,50,4,50,4,100,1,100,2,100,2,-50,1,100,2,100,2,100,2,-1150,2,50,4,-250,1,0,3,100,2,100,2,100,2,100,2,-100,1,50,4,50,4,50,4,50,4,50,4,50,4,-200,4,50,4,50,4,100,2,100,2,50,4,50,4,50,4,100,2,100,2,100,2,50,4,50,4,50,4,-200,4,100,2,100,2,100,2,50,4,50,4,-150,1,50,3,0,3,50,4,50,4,50,4,50,4,50,4,100,2,-1150,2,100,2,100,2,100,2,-1150,2,100,2,100,2,50,4,100,2,100,2,50,4,50,4,100,2,-200,4,100,2,100,2,50,4,50,4,100,2,-1150,2,100,2,100,2,50,4,50,4,50,4,100,2,100,2,-200,4,100,2,100,2,50,4,50,4,100,2,50,4,100,2,100,2,50,4,100,2,100,2,-200,4,-1150,2,100,2,100,2,50,4,100,2,100,2,50,4,100,2,100,2,50,4,100,2,100,2,50,4,100,2,100,2,50,4,100,2,-1150,2,100,2,100,2,50,4,100,2,100,2,50,4,100,2,100,2,50,4,100,2,100,2,50,4,100,2,-1150,2,100,2,100,2,50,4,100,2,100,2,50,4,100,2,100,2,50,4,100,2,-1150,2,100,2,100,2,100,2,100,2,100,2,-1150,2,100,2,100,2,50,4,100,2,100,2,50,4,100,2,Wetzels
Subj_66,50,4,0,3,100,1,100,2,50,3,50,4,50,3,100,1,100,2,-50,1,50,4,0,3,100,2,-150,1,50,3,50,4,0,3,-250,1,100,2,100,2,-1150,2,50,4,50,3,-200,1,50,4,100,2,100,2,50,4,-100,1,100,2,100,2,0,3,100,1,100,2,50,4,50,3,100,1,100,2,-200,4,100,2,100,1,0,3,100,2,50,4,-150,1,50,3,100,2,100,1,50,4,50,3,-50,1,100,2,100,2,50,4,0,3,100,1,-1150,2,50,4,0,3,100,1,100,2,100,2,50,4,0,3,50,4,-1150,2,-100,1,0,3,50,4,50,4,0,3,-200,4,100,1,-200,1,-250,1,100,1,-150,1,100,2,100,2,50,3,100,1,-200,1,100,2,100,2,50,3,50,4,50,3,50,4,50,3,50,4,100,1,100,2,100,2,0,3,50,4,-250,1,50,4,50,3,100,2,100,2,50,3,50,4,50,3,100,2,100,2,50,4,0,3,50,4,0,3,-200,4,0,3,100,1,100,2,100,2,50,4,50,3,50,4,0,3,50,4,100,2,100,2,-200,4,100,1,0,3,50,4,50,3,100,2,100,2,50,4,50,3,50,4,50,3,100,2,100,2,50,4,0,3,-100,1,50,4,50,3,-1150,2,50,4,50,3,50,4,0,3,100,1,100,2,100,2,50,4,0,3,-50,1,Wetzels
Subj_67,-200,4,50,4,100,2,100,2,-50,1,0,3,50,3,50,3,50,3,0,3,100,2,50,4,-200,1,100,1,0,3,0,3,50,3,-1150,2,100,2,100,2,100,2,100,2,100,2,100,2,100,2,-1150,2,100,2,100,2,100,2,100,2,100,2,50,4,100,1,0,3,50,3,100,2,50,4,50,4,50,4,50,4,50,4,100,1,-250,1,100,1,100,1,-100,1,-150,1,100,1,-200,1,-50,1,100,1,50,3,100,2,50,4,-250,1,100,1,0,3,0,3,0,3,50,3,100,2,50,4,-150,1,-100,1,100,1,0,3,50,3,50,3,100,2,50,4,100,1,0,3,50,3,100,2,50,4,100,1,0,3,0,3,0,3,50,3,-1150,2,100,2,100,2,100,2,100,2,100,2,-200,4,50,4,50,4,100,1,-200,1,-150,1,-100,1,-250,1,-50,1,100,1,0,3,50,3,50,3,0,3,50,3,50,3,50,3,50,3,100,2,100,2,100,2,100,2,0,3,50,3,0,3,0,3,0,3,0,3,50,3,-1150,2,100,2,100,2,100,2,100,2,100,2,100,2,100,2,100,2,50,4,100,2,50,3,0,3,0,3,50,3,50,3,50,3,50,3,50,3,0,3,0,3,0,3,50,3,0,3,50,3,50,3,100,2,50,4,100,1,0,3,50,3,0,3,0,3,0,3,100,2,Wetzels
Subj_68,50,3,50,3,0,3,50,4,100,2,100,1,50,4,100,2,100,1,-1150,2,50,3,50,4,-250,1,50,3,50,4,50,4,100,2,0,3,100,2,100,1,100,2,-200,4,100,1,100,2,-50,1,50,3,50,4,-200,1,100,2,100,2,0,3,100,2,100,1,50,4,100,2,0,3,50,4,100,2,100,2,50,4,100,2,-150,1,100,2,100,2,100,2,100,2,-1150,2,50,4,50,4,0,3,100,2,100,2,100,2,-100,1,50,4,50,4,50,4,100,2,-1150,2,50,3,0,3,100,1,-100,1,50,4,50,3,-150,1,50,4,100,2,100,2,50,4,50,4,100,2,100,2,100,2,100,2,-200,4,0,3,100,1,100,2,100,2,-1150,2,-200,1,50,3,50,4,50,4,50,4,100,2,100,2,100,2,-200,4,100,2,100,2,100,2,100,2,100,2,100,2,100,2,100,2,-1150,2,100,2,0,3,100,1,100,1,-250,1,50,4,50,4,50,4,50,4,50,4,100,2,100,2,100,2,100,2,50,4,50,4,-200,4,100,2,100,2,-1150,2,-50,1,100,1,50,4,50,3,100,2,-200,1,50,4,0,3,100,2,100,2,50,4,100,2,50,4,100,2,50,4,100,2,50,4,100,2,50,4,100,2,50,4,100,2,50,4,100,2,50,4,100,2,50,4,100,2,50,4,100,2,50,4,Wetzels
Subj_69,50,4,50,4,50,4,50,4,50,4,50,4,-200,4,50,4,50,4,50,4,50,4,50,4,50,4,50,4,50,4,50,4,50,4,50,4,-200,4,50,4,50,4,50,4,-200,4,50,4,50,4,50,4,50,4,50,4,50,4,50,4,50,4,50,4,-200,4,50,4,50,4,50,4,50,4,50,4,50,3,100,2,100,1,100,1,-250,1,-100,1,100,2,100,2,100,2,100,2,100,2,-1150,2,50,4,50,4,50,4,-200,4,50,4,50,4,50,4,100,2,100,2,50,4,100,2,50,4,100,2,50,4,100,2,50,4,100,2,50,4,50,4,50,4,100,2,50,4,50,4,100,2,50,4,50,4,-200,4,50,4,50,4,100,2,50,4,100,2,50,4,100,2,50,4,50,4,100,2,50,4,50,4,-200,4,-1150,2,50,4,50,4,50,4,50,4,50,4,100,2,100,2,50,4,50,4,-200,4,50,4,50,4,50,4,50,4,50,4,50,4,50,4,50,4,100,2,50,4,50,4,50,4,100,2,-1150,2,50,4,-200,4,50,4,50,4,50,4,-200,4,50,4,100,2,100,2,50,4,50,4,50,4,50,4,50,4,50,4,50,4,50,4,50,4,50,4,50,4,100,2,50,4,50,4,50,4,50,4,100,2,-200,4,50,4,50,4,50,4,50,4,50,4,100,2,-200,4,50,4,Wetzels
Subj_70,100,2,-50,1,100,2,50,3,-200,4,-1150,2,100,2,100,2,100,2,100,2,100,2,100,2,100,2,100,2,100,2,-1150,2,100,1,0,3,-100,1,50,4,100,2,0,3,100,1,100,2,-200,1,100,2,100,2,100,2,100,2,50,4,100,2,100,2,100,2,-1150,2,50,4,50,4,100,2,100,2,100,2,100,2,50,4,50,4,50,4,50,4,50,4,50,4,50,4,50,4,100,1,100,1,-250,1,50,4,50,4,-200,4,100,1,-150,1,100,1,50,3,0,3,50,3,50,3,0,3,50,3,50,4,-200,1,100,1,-100,1,50,4,50,4,50,4,-200,4,50,4,50,4,0,3,100,2,50,3,0,3,50,4,50,4,50,4,-150,1,-250,1,50,4,50,4,50,4,50,4,50,4,50,4,-200,4,100,2,0,3,50,3,50,4,50,4,50,4,50,4,50,4,0,3,0,3,0,3,50,3,50,3,50,3,0,3,0,3,50,3,0,3,50,4,0,3,50,3,0,3,50,3,50,3,50,3,50,3,50,3,50,3,0,3,0,3,50,3,50,3,0,3,0,3,0,3,0,3,50,3,0,3,50,3,50,3,0,3,0,3,50,3,50,3,0,3,0,3,0,3,50,3,50,3,0,3,0,3,0,3,50,3,50,3,50,3,50,3,0,3,50,3,50,3,0,3,0,3,Wetzels
Subj_71,50,3,50,3,0,3,0,3,0,3,50,3,0,3,50,3,0,3,50,3,100,2,-1150,2,100,2,100,1,100,1,100,1,-50,1,-100,1,50,4,50,4,50,4,50,4,50,4,50,4,-200,4,0,3,0,3,50,3,100,1,0,3,50,3,50,3,0,3,50,3,50,3,0,3,50,3,50,4,50,3,0,3,100,2,50,3,0,3,50,3,0,3,50,3,50,4,0,3,0,3,50,3,50,3,0,3,50,3,50,3,0,3,0,3,50,3,0,3,0,3,50,3,50,4,50,3,50,3,50,4,50,4,50,4,50,4,50,4,50,4,50,4,50,4,50,4,-200,4,50,4,50,4,0,3,0,3,0,3,50,3,50,3,0,3,0,3,0,3,50,3,50,3,0,3,50,3,50,4,50,4,50,4,50,4,50,4,-200,4,-250,1,-200,1,-150,1,50,3,0,3,0,3,50,3,0,3,0,3,0,3,50,3,50,4,50,4,50,3,50,4,0,3,50,3,50,3,50,3,0,3,50,4,0,3,0,3,50,3,0,3,0,3,50,3,50,3,50,3,0,3,0,3,50,3,0,3,50,3,50,3,0,3,0,3,0,3,50,3,50,3,0,3,-200,4,50,4,50,4,100,2,100,2,100,2,50,3,50,3,0,3,0,3,0,3,100,2,100,2,50,3,0,3,50,3,Wetzels
Subj_72,100,2,100,2,50,4,-200,1,50,3,100,2,100,2,100,2,100,1,100,2,-50,1,100,2,100,2,50,4,100,1,100,2,-1150,2,100,2,100,2,100,2,100,2,100,2,100,2,100,2,100,2,100,2,50,4,100,1,100,1,-150,1,-100,1,100,1,-250,1,-250,1,-150,1,100,1,100,1,-50,1,-200,1,50,4,50,4,-1150,2,100,2,100,2,-1150,2,100,2,100,2,100,2,-100,1,100,1,0,3,50,3,100,2,100,2,100,2,50,4,50,4,-200,4,100,1,100,1,0,3,50,3,0,3,100,2,100,1,-100,1,100,1,-150,1,100,2,-1150,2,50,3,50,3,0,3,100,2,100,2,100,2,100,1,100,2,-50,1,0,3,0,3,0,3,50,3,50,3,50,3,0,3,50,3,50,3,0,3,0,3,50,3,0,3,50,3,50,3,0,3,0,3,0,3,0,3,50,3,50,3,50,3,50,3,50,3,0,3,0,3,50,3,50,3,0,3,0,3,0,3,0,3,50,3,0,3,50,3,0,3,0,3,50,3,0,3,50,3,50,3,50,3,50,3,50,3,0,3,0,3,0,3,50,3,50,3,0,3,0,3,0,3,0,3,50,3,0,3,50,3,50,3,0,3,50,3,50,3,0,3,0,3,0,3,50,3,50,3,0,3,50,3,0,3,50,3,0,3,50,3,Wetzels
Subj_73,-250,1,100,1,100,1,-50,1,100,1,-150,1,100,1,-200,1,-100,1,100,1,100,1,100,1,-150,1,-100,1,-200,1,-250,1,100,1,100,1,-1150,2,100,2,100,2,100,2,50,3,50,3,50,3,0,3,0,3,50,4,50,4,-200,4,50,4,50,4,50,4,50,4,50,4,50,4,50,4,50,4,50,4,50,4,50,4,50,4,100,1,100,2,0,3,50,4,-50,1,100,2,50,3,100,1,-200,4,100,2,-50,1,0,3,-250,1,50,4,50,3,-150,1,100,2,0,3,100,1,-100,1,-200,1,100,1,100,1,100,1,100,1,-200,1,100,2,50,3,50,4,0,3,100,1,0,3,100,1,50,3,-50,1,50,3,100,2,100,2,100,2,100,2,-1150,2,50,3,100,2,100,2,100,2,100,2,100,2,100,2,100,2,100,2,100,1,100,2,100,2,-100,1,100,2,100,2,100,2,-1150,2,-250,1,100,2,100,2,100,2,-1150,2,100,1,-150,1,100,2,100,2,100,2,100,2,100,2,100,2,100,2,0,3,50,4,50,4,50,4,50,4,50,4,-200,4,50,4,50,4,50,4,50,4,100,2,50,4,100,2,-200,4,50,4,50,4,50,4,100,2,100,2,0,3,50,3,100,2,100,2,100,2,100,2,100,2,0,3,50,3,50,3,50,3,50,3,0,3,0,3,0,3,0,3,Wetzels
Subj_74,100,2,100,2,100,2,100,2,100,2,50,4,0,3,-150,1,100,2,100,2,-1150,2,50,4,0,3,50,4,50,4,50,4,100,2,-200,4,-100,1,100,1,100,1,-50,1,100,1,100,1,100,1,-200,1,-250,1,100,1,100,1,100,1,-100,1,0,3,0,3,50,3,50,3,0,3,50,3,50,3,50,3,50,3,50,3,100,2,50,4,100,2,0,3,100,2,100,2,-150,1,50,4,0,3,0,3,100,1,100,2,100,2,100,2,100,2,100,2,100,2,-1150,2,50,4,50,4,50,4,50,4,50,4,-200,4,50,4,50,4,50,4,50,4,50,4,50,4,50,4,-200,4,50,4,50,3,50,3,50,3,0,3,0,3,50,3,50,3,50,3,50,3,0,3,0,3,0,3,0,3,0,3,50,3,50,3,0,3,-200,1,-50,1,100,1,-250,1,0,3,50,3,0,3,0,3,50,3,0,3,50,3,50,3,50,3,50,3,0,3,50,3,50,3,0,3,0,3,50,3,0,3,0,3,0,3,0,3,50,3,50,3,0,3,0,3,0,3,50,3,50,3,50,3,50,3,0,3,50,3,100,2,100,2,100,2,100,2,100,2,-1150,2,0,3,100,2,100,2,100,2,100,2,100,2,0,3,50,3,100,2,100,2,-1150,2,0,3,50,3,0,3,50,3,50,3,50,3,0,3,Wetzels
Subj_75,50,3,100,1,0,3,-100,1,50,4,-200,4,100,2,0,3,100,2,-1150,2,-200,1,0,3,100,2,50,4,100,1,50,3,100,2,50,4,100,1,0,3,100,2,50,4,100,1,50,3,-50,1,100,2,50,4,0,3,-150,1,100,2,100,2,100,2,50,4,100,2,50,3,100,2,50,4,50,3,100,2,100,2,50,4,100,2,100,2,50,4,-1150,2,100,1,-250,1,0,3,100,2,100,2,100,2,100,2,50,4,50,4,-200,4,100,2,100,2,100,2,0,3,100,2,100,2,50,4,50,4,50,3,50,4,100,2,100,2,50,4,0,3,50,3,0,3,50,4,0,3,100,2,-1150,2,50,4,100,2,100,2,100,2,100,2,-50,1,100,2,-1150,2,50,4,50,3,50,3,50,3,100,2,100,2,50,3,0,3,100,2,50,3,50,3,100,2,50,3,50,3,100,2,0,3,0,3,0,3,50,4,50,4,0,3,50,4,0,3,50,4,0,3,50,4,-200,4,0,3,100,2,100,2,100,2,50,3,0,3,50,4,50,4,50,3,0,3,50,4,50,4,50,4,50,3,-200,4,50,3,50,3,0,3,50,3,0,3,0,3,50,4,50,4,50,3,50,3,50,4,50,3,50,3,0,3,50,4,50,4,0,3,0,3,50,4,50,4,50,4,-200,4,50,3,0,3,50,4,Wetzels
Subj_76,100,1,0,3,-50,1,50,4,100,2,50,3,-200,1,100,2,0,3,100,2,100,2,100,2,100,2,100,2,100,2,100,2,-1150,2,50,4,50,4,50,4,50,4,-200,4,50,3,0,3,100,2,-1150,2,-150,1,50,3,0,3,50,4,100,2,50,4,100,2,50,4,100,2,50,4,100,2,50,4,100,2,-200,4,50,3,0,3,50,4,50,4,50,4,100,2,50,4,100,2,50,4,100,2,50,4,100,2,50,4,100,2,50,4,-1150,2,50,3,0,3,50,4,100,2,50,4,100,2,50,4,100,2,50,4,100,2,50,4,100,2,50,4,100,2,50,4,100,2,50,4,-1150,2,-200,4,50,4,100,2,50,4,100,2,50,4,100,2,50,4,100,2,-200,4,100,2,50,4,100,2,50,4,100,2,50,4,100,2,0,3,50,4,50,3,50,4,0,3,100,1,50,4,100,1,50,4,100,1,50,4,-100,1,100,2,50,4,100,2,50,4,-1150,2,50,3,50,4,100,1,50,4,-250,1,100,2,100,2,100,2,100,2,100,2,100,2,100,2,-200,4,100,2,-200,1,100,2,50,4,100,2,50,4,50,3,50,4,0,3,50,4,50,4,50,4,50,4,-200,4,-1150,2,50,4,100,2,100,2,100,2,100,2,100,2,100,2,100,2,100,2,50,4,50,4,50,4,50,4,50,4,Wetzels
Subj_77,100,1,-200,1,-100,1,100,1,100,1,100,1,-250,1,-50,1,-150,1,100,1,50,4,50,4,50,4,50,4,100,2,100,2,100,2,100,2,50,3,0,3,100,2,-1150,2,100,2,100,2,100,2,0,3,50,3,50,4,50,4,50,4,100,2,0,3,100,1,50,4,100,2,0,3,100,1,-200,4,100,2,50,3,100,1,50,4,100,2,0,3,100,1,-200,4,100,2,50,3,100,1,50,4,50,3,50,4,0,3,100,2,-100,1,50,4,50,3,50,4,-250,1,50,4,100,2,0,3,50,4,-150,1,50,3,50,4,0,3,-200,1,50,4,50,3,-50,1,50,4,-200,1,0,3,50,4,100,2,-250,1,50,4,50,3,100,2,50,4,-200,4,50,3,50,4,50,4,-100,1,100,2,0,3,50,4,50,4,0,3,50,4,-50,1,50,4,50,3,50,4,-1150,2,100,2,100,2,100,2,0,3,50,4,50,4,50,4,50,4,50,4,-200,4,50,4,50,4,50,4,50,4,50,4,50,4,50,4,100,1,50,4,50,4,100,2,50,4,-150,1,-200,4,50,4,50,4,50,4,50,4,50,4,50,4,50,4,100,1,50,4,100,2,50,4,100,1,50,4,50,4,100,1,-200,4,50,4,50,4,50,4,100,1,50,4,50,4,50,4,-50,1,-200,4,50,4,50,4,50,4,50,4,Wetzels
Subj_78,50,4,100,1,0,3,100,2,50,4,50,4,-50,1,0,3,100,2,50,4,100,2,50,4,100,2,-1150,2,50,4,100,1,-150,1,100,1,100,2,-200,4,50,4,100,2,50,3,50,4,100,2,100,2,100,2,50,4,-200,1,100,2,50,4,50,3,50,3,50,4,100,2,100,2,50,4,50,4,0,3,50,3,50,4,100,1,50,4,-100,1,100,1,-250,1,100,1,-200,1,100,2,50,4,100,2,50,4,-200,4,50,4,100,2,100,2,100,2,-1150,2,0,3,50,4,50,4,50,4,50,4,50,4,50,4,100,2,100,2,100,2,100,2,100,2,-1150,2,100,1,-50,1,50,4,50,4,-200,4,0,3,100,2,100,2,100,2,50,4,100,2,100,2,-1150,2,50,4,100,2,100,2,50,4,-150,1,50,4,50,3,50,4,50,4,-200,4,0,3,100,2,100,2,100,2,100,2,100,2,50,4,50,4,50,4,50,4,50,4,100,1,-250,1,50,4,50,4,100,1,-100,1,100,1,100,1,-50,1,-150,1,100,1,100,1,-200,4,50,4,50,4,50,4,50,4,50,4,50,4,50,4,50,4,50,4,50,4,50,4,-200,4,50,4,50,4,50,4,50,4,50,4,50,4,50,4,-200,4,50,4,50,4,50,4,50,4,50,4,50,4,50,4,50,4,50,4,50,4,50,4,50,4,Wetzels
Subj_79,50,4,0,3,-250,1,50,4,100,2,100,2,100,2,100,2,50,4,100,2,100,2,100,2,100,2,100,2,-1150,2,50,3,50,3,-150,1,100,2,100,2,100,2,-1150,2,50,4,50,4,50,4,100,2,100,2,50,4,50,4,50,4,100,2,100,2,-200,4,0,3,100,1,100,1,100,1,100,2,100,1,50,4,50,4,100,2,50,4,-50,1,50,4,50,4,50,4,-200,4,-200,1,100,2,100,2,50,4,50,4,0,3,0,3,50,4,100,2,50,3,50,3,50,3,100,2,0,3,100,2,0,3,0,3,0,3,50,3,50,3,0,3,0,3,50,4,50,3,-100,1,50,3,50,3,50,3,50,3,0,3,100,2,0,3,50,3,0,3,50,3,50,3,0,3,0,3,0,3,0,3,-1150,2,100,1,50,3,0,3,50,3,50,3,0,3,100,1,50,3,50,3,0,3,50,3,50,3,0,3,0,3,-200,1,100,2,0,3,50,3,50,3,50,3,0,3,0,3,50,3,50,3,0,3,0,3,50,3,0,3,50,3,0,3,-150,1,0,3,50,3,50,3,0,3,50,3,0,3,50,3,50,3,100,1,0,3,0,3,50,3,0,3,50,3,-250,1,0,3,100,2,0,3,0,3,0,3,50,3,0,3,50,3,50,3,100,1,50,3,0,3,50,3,0,3,0,3,Wetzels
Subj_80,100,2,50,4,-50,1,50,3,0,3,50,4,100,1,100,2,0,3,-150,1,50,4,50,4,50,4,100,2,100,2,100,2,100,2,-250,1,0,3,100,2,100,2,100,2,-1150,2,100,2,-1150,2,100,2,100,2,100,2,100,2,100,2,100,2,100,2,-100,1,50,3,0,3,0,3,50,3,100,2,-1150,2,100,2,100,2,100,2,100,2,100,2,100,2,100,2,100,2,100,2,100,2,100,2,100,2,100,2,100,2,100,2,100,2,50,3,50,3,50,3,0,3,50,3,50,3,0,3,0,3,50,3,50,3,0,3,0,3,0,3,50,3,50,3,-200,4,50,4,50,4,50,3,0,3,0,3,50,3,0,3,50,3,0,3,0,3,0,3,50,3,50,3,50,3,50,3,0,3,0,3,50,3,0,3,0,3,0,3,50,3,50,3,0,3,0,3,50,3,0,3,50,3,50,3,50,3,50,3,50,3,0,3,50,3,0,3,0,3,50,3,0,3,0,3,0,3,0,3,0,3,50,3,50,3,50,3,0,3,50,3,50,3,0,3,50,3,0,3,0,3,0,3,0,3,50,3,50,3,50,3,50,3,0,3,50,3,50,3,0,3,0,3,50,3,50,3,50,3,0,3,0,3,0,3,0,3,50,3,0,3,0,3,50,3,0,3,50,3,50,3,0,3,50,3,Wetzels
Subj_81,50,3,100,2,50,4,50,4,50,4,50,4,50,3,100,2,100,2,100,2,100,2,100,2,-1150,2,50,3,50,4,-100,1,100,2,100,2,100,2,-1150,2,0,3,50,3,0,3,0,3,0,3,0,3,50,3,50,3,0,3,50,4,-200,1,50,4,50,4,50,4,-200,4,50,3,0,3,100,2,100,2,100,2,100,2,100,2,100,2,100,2,100,2,100,2,-1150,2,100,1,100,1,-150,1,-200,4,0,3,50,3,50,3,100,2,100,2,100,2,100,2,100,1,100,2,100,2,100,2,100,2,-250,1,100,2,100,2,100,2,100,2,100,1,-1150,2,50,4,100,2,100,2,100,2,100,2,100,2,0,3,50,3,50,4,-50,1,0,3,100,2,100,2,100,2,100,2,50,4,100,1,100,2,100,2,100,2,100,2,100,1,50,4,-250,1,-1150,2,-100,1,-150,1,100,1,100,2,100,2,100,2,100,2,-1150,2,100,2,100,2,100,2,100,2,50,4,50,3,50,4,50,3,100,2,100,2,100,2,100,2,-50,1,100,2,100,2,100,2,50,4,50,4,100,2,100,2,100,2,50,3,-1150,2,100,2,100,2,100,2,100,2,100,2,100,2,50,4,100,2,50,4,50,3,100,2,50,4,50,3,-1150,2,100,2,100,2,100,2,100,2,100,2,100,2,50,4,-1150,2,100,2,100,2,Wetzels
Subj_82,50,4,50,4,50,4,50,4,0,3,-250,1,100,2,-1150,2,50,4,50,4,-200,4,50,4,50,4,50,4,50,4,-200,4,50,4,50,4,50,4,50,4,50,4,50,4,100,1,-50,1,100,1,50,4,100,1,100,1,50,4,100,1,-150,1,50,4,-200,4,100,2,100,2,100,2,100,2,100,2,100,2,100,2,100,2,100,2,100,2,100,2,100,2,100,2,100,2,100,2,-1150,2,50,4,50,4,50,4,0,3,50,4,50,4,50,4,50,4,50,4,-200,1,50,4,-200,4,100,2,100,2,100,2,100,2,100,2,100,2,100,2,100,2,100,2,100,2,100,2,-1150,2,100,2,100,2,-1150,2,100,2,100,2,50,3,0,3,50,4,-100,1,50,4,50,4,50,4,50,4,50,4,100,2,100,2,50,4,50,4,50,4,50,4,100,2,100,2,50,4,50,4,50,4,100,2,100,2,50,4,50,4,50,4,-200,4,100,2,100,2,50,4,50,4,100,2,100,2,50,4,50,4,-200,4,100,2,-1150,2,50,4,50,4,100,2,100,2,100,2,50,4,50,4,50,4,100,2,100,2,100,2,50,4,50,4,50,4,100,2,-1150,2,50,4,50,4,100,1,100,1,50,4,100,1,-200,4,100,1,-250,1,100,2,100,2,50,4,50,4,100,2,100,2,50,4,50,4,0,3,-150,1,Wetzels
Subj_83,50,4,0,3,50,4,100,2,50,4,100,1,50,4,50,3,-50,1,100,2,50,4,100,1,-200,1,100,2,50,4,100,1,100,2,50,4,100,1,100,2,0,3,-150,1,50,4,-250,1,-1150,2,-200,4,50,4,-100,1,0,3,100,2,50,4,100,1,100,2,50,4,100,1,100,2,50,4,100,1,100,2,50,4,-250,1,-200,4,50,3,50,4,100,2,50,3,100,1,100,2,50,3,-50,1,-150,1,50,4,100,1,100,2,50,4,-100,1,100,2,0,3,0,3,50,3,100,2,50,4,-200,1,100,2,50,4,50,3,100,2,50,4,100,1,-1150,2,0,3,100,1,100,2,50,3,100,1,100,2,50,3,-250,1,100,2,50,4,-50,1,100,2,-200,4,0,3,100,1,100,2,50,4,-200,1,0,3,50,4,100,2,-150,1,50,4,100,2,50,3,50,4,100,2,-100,1,50,3,50,4,-1150,2,100,2,50,4,0,3,100,1,100,2,50,4,100,1,100,2,50,4,-1150,2,50,4,100,1,100,2,100,2,0,3,50,4,-250,1,100,2,0,3,-200,4,0,3,100,2,50,4,-200,1,100,2,50,4,50,3,100,2,50,4,0,3,100,1,100,2,50,4,-100,1,100,1,100,2,50,4,100,1,100,2,50,4,50,3,100,1,100,2,0,3,-1150,2,-50,1,50,4,100,2,-150,1,Wetzels
Subj_84,100,2,100,2,50,3,-100,1,50,4,50,3,100,2,100,2,100,1,-200,4,100,2,100,1,0,3,100,2,100,2,-250,1,-1150,2,0,3,50,4,50,4,50,4,50,4,50,4,100,2,100,2,100,2,100,2,-1150,2,-50,1,50,4,50,4,50,3,50,3,100,2,100,2,100,2,100,1,100,2,100,1,100,2,-200,1,100,2,100,2,-1150,2,100,2,-150,1,50,4,50,3,50,4,0,3,50,4,-200,4,100,2,100,1,100,2,100,2,100,2,100,2,100,2,100,2,100,2,100,2,100,2,100,2,100,2,-150,1,-1150,2,0,3,50,4,100,2,100,2,100,2,100,2,100,2,100,2,100,1,-1150,2,100,1,-250,1,50,4,0,3,50,4,100,2,100,2,100,2,50,4,100,2,50,4,100,1,100,2,50,4,-200,1,100,2,50,4,0,3,100,2,50,4,100,2,50,4,100,2,-200,4,100,2,100,2,100,2,100,2,100,2,100,1,50,4,50,4,50,4,-50,1,50,4,100,2,0,3,50,4,100,2,50,4,50,4,100,2,50,4,-1150,2,50,4,100,2,100,2,100,2,100,1,-100,1,50,4,50,4,50,4,50,4,50,4,50,4,-200,4,100,2,100,1,100,2,100,2,50,4,50,3,100,2,50,3,-250,1,100,2,50,3,50,4,50,3,-1150,2,-50,1,50,4,Wetzels
Subj_85,100,2,-50,1,50,4,100,2,-1150,2,-150,1,0,3,0,3,100,1,-200,4,-100,1,100,2,0,3,100,2,100,1,50,3,50,3,50,4,100,2,50,3,-250,1,100,2,100,2,100,2,0,3,50,4,-200,1,100,2,50,4,50,4,50,4,100,2,100,2,100,2,0,3,100,2,50,4,100,2,50,3,50,4,-1150,2,50,4,50,3,100,1,100,2,50,4,50,3,100,2,100,2,100,2,100,2,50,4,100,2,100,2,50,3,100,1,50,4,100,1,-100,1,50,3,-200,4,100,1,100,1,0,3,50,4,-200,1,50,3,50,4,0,3,50,4,50,4,100,2,-50,1,50,4,50,4,0,3,50,4,50,4,100,2,50,4,50,4,100,1,50,4,50,4,50,4,-1150,2,50,4,100,1,100,2,0,3,50,4,-200,4,100,1,100,2,-250,1,50,4,0,3,50,4,100,2,-150,1,100,2,100,2,100,2,50,4,50,4,50,3,100,1,50,4,50,3,-200,4,50,4,50,3,-1150,2,50,4,50,4,100,2,-250,1,-200,1,100,2,100,2,50,4,100,2,0,3,50,4,50,4,50,4,-150,1,50,4,100,2,100,2,100,2,50,3,100,2,50,4,0,3,50,4,50,4,50,4,50,4,-200,4,100,2,50,4,50,4,100,2,0,3,50,4,-1150,2,50,4,50,4,50,4,Wetzels
Subj_86,100,1,0,3,50,4,-1150,2,-150,1,100,1,-50,1,0,3,50,4,0,3,50,4,-200,4,-250,1,50,3,0,3,50,3,0,3,50,3,50,3,50,3,50,3,50,3,0,3,50,3,50,3,0,3,50,3,0,3,0,3,0,3,50,3,50,3,0,3,50,3,0,3,0,3,50,3,0,3,0,3,50,3,0,3,50,3,50,3,0,3,0,3,50,3,0,3,50,3,0,3,50,3,0,3,0,3,0,3,50,3,50,3,50,3,50,3,0,3,0,3,50,3,0,3,0,3,50,3,0,3,0,3,50,3,50,3,0,3,50,3,50,3,50,3,50,3,0,3,0,3,0,3,50,3,0,3,50,3,0,3,50,3,0,3,50,3,0,3,0,3,50,3,0,3,50,3,50,3,50,3,0,3,50,3,0,3,0,3,0,3,50,3,0,3,50,3,50,3,0,3,50,3,50,3,50,3,50,3,0,3,0,3,0,3,0,3,50,3,0,3,50,3,0,3,50,3,50,3,0,3,50,3,50,3,0,3,0,3,0,3,50,3,0,3,50,3,0,3,0,3,0,3,50,3,50,3,50,3,50,3,0,3,50,3,0,3,50,3,50,3,50,3,0,3,0,3,0,3,0,3,50,3,50,3,0,3,50,3,0,3,50,3,0,3,0,3,0,3,50,3,50,3,Wetzels
Subj_87,50,3,-250,1,0,3,50,4,100,2,100,1,-1150,2,-50,1,0,3,0,3,50,4,0,3,-200,4,50,3,100,1,100,2,-150,1,100,2,0,3,50,3,50,3,50,3,0,3,0,3,0,3,0,3,-200,1,100,2,50,4,50,4,50,3,50,4,50,3,50,4,50,3,50,4,0,3,50,4,50,4,-200,4,50,4,50,4,50,4,50,4,50,3,50,3,100,1,100,2,100,1,100,2,0,3,0,3,50,3,50,3,50,3,0,3,100,1,100,2,-100,1,100,1,-200,1,-50,1,100,2,100,2,100,1,100,2,0,3,50,3,-150,1,-250,1,100,1,100,2,100,2,100,2,100,2,100,2,100,2,-1150,2,100,2,100,2,100,2,100,2,100,2,-1150,2,100,2,100,2,100,2,100,1,100,1,-100,1,100,1,100,2,100,2,100,2,100,2,100,2,50,3,0,3,50,3,0,3,0,3,0,3,50,3,50,3,0,3,100,2,-150,1,100,2,50,3,0,3,50,3,50,3,100,2,0,3,0,3,0,3,50,3,0,3,0,3,50,3,50,3,50,3,0,3,50,3,50,3,100,2,50,3,0,3,0,3,50,3,0,3,0,3,-200,1,50,3,100,2,100,2,100,2,-1150,2,-1150,2,100,2,100,2,100,2,100,2,100,2,100,2,100,2,100,2,0,3,0,3,50,3,Wetzels
Subj_88,0,3,100,2,100,2,100,2,100,2,-1150,2,50,4,50,4,50,4,100,1,-150,1,100,2,50,3,100,2,50,4,-200,1,100,2,100,2,50,4,100,2,0,3,-100,1,100,2,100,2,100,2,50,4,50,4,-200,4,-1150,2,100,2,100,2,100,2,50,3,100,1,50,4,100,2,0,3,100,1,50,4,100,1,50,4,100,2,-200,4,100,2,-250,1,0,3,50,4,100,2,100,2,50,3,50,4,100,2,-50,1,100,2,50,4,0,3,50,4,100,2,100,1,50,4,100,1,100,2,50,3,50,4,-200,1,100,2,50,4,50,3,50,4,100,2,100,1,0,3,-1150,2,50,4,-50,1,50,3,100,2,100,2,50,4,0,3,50,3,-150,1,50,3,0,3,50,4,0,3,50,4,100,1,100,2,100,2,50,4,100,1,100,2,50,3,50,4,-100,1,50,4,100,2,50,3,-250,1,-200,4,100,1,100,2,-50,1,100,2,50,4,0,3,50,3,50,4,50,4,100,1,100,2,50,4,0,3,50,3,50,4,100,1,-1150,2,50,4,50,3,100,2,100,2,-250,1,100,1,100,1,0,3,50,3,-200,4,50,4,100,2,-200,1,100,2,50,4,0,3,-150,1,50,3,100,2,50,4,0,3,100,1,50,4,100,2,-100,1,100,2,50,4,100,1,50,4,0,3,-100,1,100,1,Wetzels
Subj_89,100,1,-200,4,50,4,100,2,-150,1,100,2,50,3,-100,1,50,4,0,3,100,1,100,2,50,4,50,3,0,3,100,1,100,2,50,4,50,3,100,1,-1150,2,100,2,100,2,100,2,100,2,100,2,-250,1,50,3,50,4,100,2,100,2,50,4,0,3,-1150,2,-200,1,50,4,100,1,50,3,0,3,50,4,100,2,100,2,100,2,-50,1,100,2,50,4,0,3,-200,4,100,2,100,2,100,2,100,2,100,2,100,2,-100,1,100,2,-1150,2,50,4,50,4,50,4,50,4,50,4,50,3,0,3,100,1,100,1,-200,1,50,4,50,4,100,2,100,2,100,2,100,2,50,4,50,4,-200,4,50,4,50,4,50,4,100,2,100,2,0,3,100,1,100,1,100,2,100,2,50,4,50,4,50,4,100,1,50,3,-250,1,50,4,50,4,50,4,50,4,100,2,50,4,50,4,-50,1,0,3,-200,4,100,2,-150,1,50,3,0,3,50,4,50,4,50,4,50,4,50,4,50,4,50,4,50,4,50,4,50,4,50,4,-200,4,50,4,50,4,50,4,50,4,50,4,50,4,50,4,-200,4,50,4,50,4,50,4,50,4,50,4,50,4,50,4,50,4,50,4,50,4,-200,4,50,4,50,4,50,4,50,4,50,4,50,4,50,4,50,4,50,4,50,4,100,2,-200,4,100,2,Wetzels
Subj_90,50,3,50,4,100,2,-100,1,100,1,-200,1,100,2,100,2,100,2,100,2,-1150,2,50,4,50,3,100,2,50,4,0,3,100,1,100,1,100,2,100,2,50,4,50,4,0,3,-50,1,100,2,100,2,-200,4,-1150,2,100,1,100,1,-150,1,0,3,50,3,50,3,0,3,-250,1,100,2,100,2,50,4,50,4,50,4,50,4,100,2,100,2,50,4,50,4,100,2,100,2,50,4,50,4,100,2,100,2,-200,4,-150,1,0,3,50,3,50,3,0,3,0,3,0,3,50,3,50,3,0,3,0,3,100,2,-1150,2,50,3,50,3,50,3,100,2,100,2,100,1,100,1,-50,1,100,2,100,2,100,2,100,2,100,2,100,2,50,4,50,4,50,3,0,3,0,3,0,3,50,3,0,3,50,3,0,3,100,2,-100,1,50,3,0,3,50,4,50,3,50,3,0,3,0,3,50,3,50,3,0,3,0,3,50,3,0,3,50,3,0,3,50,4,0,3,50,3,50,3,0,3,50,3,50,3,0,3,100,2,50,3,50,3,50,3,50,3,0,3,50,4,-250,1,50,3,0,3,0,3,0,3,0,3,0,3,50,3,50,3,0,3,0,3,50,3,0,3,50,3,0,3,50,3,50,3,50,3,50,3,0,3,50,3,0,3,0,3,0,3,0,3,50,3,0,3,50,3,Wetzels
Subj_91,50,4,100,2,0,3,50,4,50,4,-150,1,100,2,100,2,50,4,50,3,50,4,50,4,100,1,-250,1,0,3,-200,4,50,4,50,4,50,4,100,2,50,4,100,2,0,3,-200,1,100,1,100,1,-1150,2,50,4,-200,4,-100,1,50,3,50,3,50,4,50,4,50,4,0,3,0,3,50,4,100,2,50,4,100,1,100,1,100,2,50,4,50,4,100,2,50,3,50,3,-50,1,-50,1,100,2,-1150,2,50,4,-200,4,50,4,50,3,50,3,-100,1,50,3,0,3,0,3,50,4,50,4,50,4,50,4,50,4,50,4,50,4,100,2,100,1,0,3,50,4,50,4,50,4,50,4,100,1,100,1,50,3,0,3,0,3,-200,4,100,2,100,2,-250,1,100,2,100,2,100,2,100,2,50,4,50,3,100,1,0,3,50,4,50,4,50,4,50,3,0,3,-200,1,100,2,50,4,50,3,50,3,-200,4,100,2,100,2,100,2,0,3,50,4,100,2,-1150,2,50,4,0,3,50,4,50,4,-150,1,100,1,-200,1,100,2,100,2,100,2,100,2,50,4,50,3,0,3,50,3,-50,1,100,1,50,4,50,4,50,4,100,2,100,2,100,2,-150,1,100,1,-100,1,100,1,50,3,50,3,50,4,50,4,50,4,50,4,-200,4,100,2,100,2,50,4,50,4,50,4,50,4,Wetzels
Subj_92,0,3,100,1,50,4,100,2,-200,1,50,3,100,2,50,4,100,2,100,1,0,3,50,3,100,2,50,4,-100,1,100,2,50,4,50,3,100,2,-1150,2,50,4,-150,1,0,3,-50,1,100,2,-200,4,0,3,100,2,-250,1,100,2,100,2,100,2,100,2,100,2,-1150,2,100,2,100,2,100,2,100,2,100,2,50,4,50,4,100,2,50,4,100,2,100,2,100,2,100,2,-1150,2,100,1,100,1,0,3,100,1,-50,1,100,1,100,2,100,2,100,2,100,2,50,4,-200,4,-200,1,100,2,100,2,100,2,100,2,100,2,100,2,-1150,2,-100,1,-250,1,100,1,50,3,50,4,50,3,50,4,100,2,100,2,100,2,100,2,100,2,100,2,100,2,100,2,100,2,100,2,-1150,2,50,4,-150,1,100,2,100,2,100,2,100,2,100,2,-1150,2,100,2,100,2,100,2,100,2,100,2,100,2,100,2,100,2,100,2,100,2,0,3,50,4,50,4,50,4,50,4,50,4,50,4,50,4,50,4,50,4,100,2,100,2,100,2,-1150,2,50,3,50,4,0,3,100,1,100,1,100,2,100,1,100,2,-250,1,50,4,50,3,50,4,50,3,50,4,50,3,50,4,0,3,-1150,2,-100,1,100,1,100,2,100,2,100,2,100,2,100,2,-200,4,50,3,-150,1,0,3,50,4,100,2,Wetzels
Subj_93,50,3,-250,1,100,1,100,1,100,1,-200,1,-150,1,50,3,100,1,-100,1,100,2,100,2,100,2,-1150,2,50,4,50,4,50,4,50,4,50,4,50,4,-200,4,50,3,-50,1,100,1,-100,1,-150,1,50,4,0,3,50,3,0,3,50,4,0,3,50,4,50,4,100,2,100,1,0,3,100,1,100,1,-50,1,-250,1,-200,1,100,1,100,1,100,1,100,1,100,1,100,1,-150,1,50,4,-200,1,-50,1,-250,1,50,4,50,4,100,1,-100,1,-200,1,-250,1,0,3,50,3,50,4,50,4,100,1,100,2,50,3,50,4,100,1,100,2,0,3,50,4,-50,1,100,2,50,3,50,4,100,1,100,2,50,3,-200,4,100,1,100,1,100,2,100,2,100,2,100,2,100,2,100,2,-100,1,0,3,50,3,50,3,0,3,0,3,0,3,0,3,50,3,50,3,0,3,50,3,50,3,0,3,0,3,50,3,0,3,0,3,50,4,0,3,50,4,0,3,50,4,50,3,0,3,50,3,-150,1,-200,4,50,3,50,3,100,2,50,3,0,3,0,3,0,3,50,3,0,3,0,3,50,3,50,3,50,3,0,3,50,3,50,3,0,3,50,3,50,3,0,3,0,3,50,3,50,3,0,3,0,3,50,3,50,3,0,3,0,3,0,3,50,3,0,3,0,3,50,3,50,3,Wetzels
Subj_94,-150,1,100,2,100,1,100,1,-50,1,50,3,50,4,50,4,50,4,50,4,50,4,50,4,50,4,-200,4,0,3,100,2,50,4,50,4,50,4,-200,4,-100,1,50,3,50,3,50,3,0,3,100,2,100,2,100,2,100,2,100,2,100,2,100,2,-1150,2,0,3,50,4,-200,1,100,2,100,2,100,2,100,2,100,2,100,2,100,2,100,2,100,2,50,4,50,4,50,4,50,4,50,4,50,4,50,4,50,4,50,4,50,4,50,4,50,4,50,4,50,4,50,4,50,4,-200,4,-200,4,-1150,2,-250,1,100,2,-1150,2,100,2,0,3,100,2,100,2,100,2,100,2,100,2,100,2,100,1,100,1,100,1,-250,1,100,1,-50,1,50,3,100,2,100,2,100,2,100,2,100,2,100,2,100,2,100,2,-1150,2,100,2,100,2,100,2,100,1,100,1,100,1,0,3,100,2,-1150,2,100,2,100,2,-150,1,0,3,50,4,100,2,100,2,100,2,100,2,100,2,100,2,100,2,100,2,-1150,2,-200,1,100,1,-100,1,-250,1,0,3,50,3,50,4,100,2,100,2,100,2,100,2,100,2,100,1,100,2,100,1,-50,1,100,2,100,2,100,2,100,2,100,2,50,4,50,4,50,4,100,2,100,2,100,2,100,2,50,4,50,4,50,4,50,4,50,4,50,4,50,4,50,4,Wetzels
Subj_95,0,3,50,4,50,4,50,4,50,4,100,2,100,1,-100,1,-1150,2,50,4,-200,4,50,3,0,3,50,4,50,3,50,4,50,3,100,2,-250,1,0,3,50,4,100,2,50,4,0,3,50,4,100,2,50,4,100,2,50,4,100,2,50,4,100,2,50,4,100,2,-200,4,100,1,100,2,50,3,100,2,50,3,100,2,0,3,50,4,100,2,50,4,100,2,50,4,100,2,0,3,50,4,100,2,50,4,100,2,50,4,-1150,2,100,1,0,3,50,4,50,4,100,2,50,4,50,4,50,4,50,4,-200,4,50,3,100,2,50,4,50,4,-200,4,0,3,50,4,50,3,50,4,50,4,0,3,50,4,50,3,50,4,100,2,50,4,50,3,50,4,50,4,0,3,50,4,50,3,50,4,50,3,-200,4,50,4,50,4,50,4,100,2,100,2,-1150,2,100,2,100,2,100,2,100,2,100,2,100,2,50,4,50,4,50,4,50,4,50,4,50,4,50,4,50,4,50,3,50,3,0,3,50,3,0,3,50,3,0,3,0,3,0,3,0,3,0,3,50,3,0,3,50,4,50,4,50,4,100,2,50,3,50,4,50,3,-200,4,50,4,50,4,50,4,-200,4,50,4,50,4,50,3,50,4,50,3,50,4,0,3,50,4,0,3,50,3,50,3,0,3,50,3,0,3,50,3,Wetzels
Subj_96,50,4,-200,4,100,2,-200,1,0,3,-100,1,0,3,50,4,50,4,50,3,50,4,0,3,100,2,50,4,50,3,100,1,0,3,50,4,50,4,100,2,50,3,50,3,50,4,50,4,100,1,50,4,50,3,0,3,100,2,50,4,50,4,0,3,50,4,-150,1,50,3,50,4,50,4,50,3,100,2,0,3,50,4,0,3,100,1,50,4,-200,4,50,3,-250,1,50,4,100,2,0,3,0,3,50,4,50,4,-50,1,50,4,-200,4,50,3,50,3,100,2,50,3,50,4,50,3,100,1,50,4,50,4,0,3,-1150,2,50,4,0,3,50,4,50,4,100,1,50,4,100,2,50,4,50,3,-200,4,-50,1,50,3,50,3,0,3,50,4,50,4,0,3,100,2,50,4,50,4,-150,1,0,3,50,4,50,4,50,4,50,4,50,4,50,4,50,4,-200,4,100,2,50,4,50,4,100,2,50,4,50,4,50,4,0,3,50,4,50,4,100,2,50,4,50,4,-200,4,-1150,2,50,4,100,1,50,4,50,4,50,3,100,1,50,4,100,2,-250,1,50,4,50,4,50,4,100,2,50,4,50,4,50,3,100,1,50,4,50,4,100,2,50,4,-200,4,-200,1,50,3,50,4,50,4,50,4,50,3,100,2,50,4,0,3,100,2,50,4,50,4,0,3,50,4,-100,1,-200,4,Wetzels
Subj_97,100,2,-1150,2,50,3,50,4,100,1,0,3,100,2,50,4,50,3,0,3,50,4,-200,1,100,2,100,2,100,2,100,1,0,3,50,4,50,3,50,4,0,3,100,2,-100,1,100,2,0,3,50,4,100,1,-50,1,100,2,50,3,50,4,50,4,100,2,100,2,-150,1,50,3,50,4,-200,4,50,4,0,3,100,1,50,3,-200,4,0,3,100,1,-250,1,100,2,50,4,50,3,100,2,50,3,50,4,100,1,100,2,0,3,50,4,-200,1,100,2,50,3,-1150,2,-150,1,50,4,0,3,100,2,100,2,50,4,50,3,100,2,0,3,50,4,100,2,-50,1,50,4,50,3,50,4,100,2,50,3,50,4,50,4,50,3,50,4,100,2,-1150,2,-100,1,0,3,-200,4,50,3,0,3,100,2,100,1,50,4,100,2,0,3,100,1,100,2,50,4,50,3,50,4,-250,1,0,3,50,4,0,3,50,4,50,4,-200,4,50,3,100,2,100,1,100,2,0,3,50,4,100,2,0,3,0,3,50,3,50,4,100,1,100,2,50,3,50,4,50,3,50,4,50,4,0,3,100,1,0,3,100,1,50,4,50,3,50,4,100,1,50,4,50,4,50,4,50,3,-150,1,50,4,0,3,50,4,50,4,50,3,50,4,50,4,-100,1,-200,4,0,3,50,4,50,4,50,4,50,4,Wetzels
Subj_98,50,4,0,3,50,4,50,4,50,4,100,1,100,2,-50,1,100,2,100,2,100,2,-1150,2,100,1,100,1,100,2,100,2,100,2,100,2,50,4,100,2,100,2,100,2,-1150,2,100,2,100,2,100,2,100,2,100,2,100,2,100,2,100,2,-250,1,100,2,100,2,100,2,50,4,100,2,-1150,2,100,2,0,3,0,3,100,2,100,2,100,2,100,2,100,2,100,2,100,2,100,2,100,2,100,2,-1150,2,100,2,100,2,100,2,100,2,100,2,100,2,100,2,100,2,100,2,50,4,50,4,50,4,100,2,-1150,2,100,2,100,2,100,2,100,2,100,2,-1150,2,100,2,100,2,100,2,100,2,100,2,100,2,100,2,100,2,100,2,-200,4,50,4,-200,4,100,2,100,2,-200,1,100,1,100,1,-100,1,-150,1,50,3,0,3,-1150,2,100,2,100,2,100,2,100,2,100,2,100,2,100,2,100,2,100,2,-1150,2,100,2,100,2,100,2,-1150,2,50,4,50,4,50,4,50,3,-250,1,50,4,100,2,100,2,50,4,50,4,100,2,100,2,50,4,50,4,100,2,100,2,100,2,50,4,50,4,50,4,100,2,100,2,100,2,100,2,-200,4,50,4,50,4,100,2,100,2,-1150,2,100,2,100,2,100,2,50,4,100,2,100,2,100,2,50,4,100,2,100,2,50,4,100,2,Wetzels
